instance,source_file,channel_id,channel_name,connector_context,secret_type,placeholder,orig_value_length
Bedford,Bedford/Default Group.xml,c14efd23-2c1c-4e53-a59f-dcfe0e727c3b,DICOM,PayloadProcessor API Send,password,${REDACTED_PASSWORD},11
Bedford,Bedford/Default Group.xml,c14efd23-2c1c-4e53-a59f-dcfe0e727c3b,DICOM,Write out file to IolMasterImport incoming folder when device is a Zeiss IOLMaster,password,${REDACTED_PASSWORD},11
Bedford,Bedford/Default Group.xml,375fe7b2-d55c-4c60-b66f-dc2000c8ea95,Document OUT,SFTP,password,${REDACTED_PASSWORD},11
Bedford,Bedford/Default Group.xml,375fe7b2-d55c-4c60-b66f-dc2000c8ea95,Document OUT,sourceConnector,password,${REDACTED_PASSWORD},11
Bedford,Bedford/Default Group.xml,375fe7b2-d55c-4c60-b66f-dc2000c8ea95,Document OUT,SFTP,sample_message_outbound,(blanked),364
Bedford,Bedford/Default Group.xml,375fe7b2-d55c-4c60-b66f-dc2000c8ea95,Document OUT,SFTP,username,${REDACTED_USERNAME},15
Bedford,Bedford/Default Group.xml,f703f9cd-a6ee-42e6-8550-c6a9c3fb1c73,Document Upload PP,PayloadProcessor API Send,password,${REDACTED_PASSWORD},11
Bedford,Bedford/Default Group.xml,f703f9cd-a6ee-42e6-8550-c6a9c3fb1c73,Document Upload PP,sourceConnector,password,${REDACTED_PASSWORD},11
Bedford,Bedford/Default Group.xml,f703f9cd-a6ee-42e6-8550-c6a9c3fb1c73,Document Upload PP,PayloadProcessor API Send,sample_message_outbound,(blanked),448
Bedford,Bedford/Default Group.xml,d69815ee-68d1-4dcb-8896-8b12ba06a9c4,PAS IN,Clinic List - DELETE,password,${REDACTED_PASSWORD},11
Bedford,Bedford/Default Group.xml,d69815ee-68d1-4dcb-8896-8b12ba06a9c4,PAS IN,Clinic List - PUT,password,${REDACTED_PASSWORD},11
Bedford,Bedford/Default Group.xml,d69815ee-68d1-4dcb-8896-8b12ba06a9c4,PAS IN,PASAPI - Patient,password,${REDACTED_PASSWORD},11
Bedford,Bedford/Default Group.xml,d69815ee-68d1-4dcb-8896-8b12ba06a9c4,PAS IN,PASAPI - Patient Merge,password,${REDACTED_PASSWORD},11
Bedford,Bedford/Default Group.xml,d69815ee-68d1-4dcb-8896-8b12ba06a9c4,PAS IN,PASAPI - Secondary Patient,password,${REDACTED_PASSWORD},11
Bedford,Bedford/Default Group.xml,d69815ee-68d1-4dcb-8896-8b12ba06a9c4,PAS IN,AdmitSource,sample_message_inbound,(blanked),884
Bedford,Bedford/Default Group.xml,d69815ee-68d1-4dcb-8896-8b12ba06a9c4,PAS IN,GenerateSecondaryHospitalNumber,sample_message_inbound,(blanked),884
Bedford,Bedford/Default Group.xml,06f0b8b8-5ea0-41a4-a0bc-04b89fb5193c,PAS OUT,Set Message Type and data,sample_message_inbound,(blanked),792
Bedford,Bedford/Default Group.xml,06f0b8b8-5ea0-41a4-a0bc-04b89fb5193c,PAS OUT,Set Message Type and data,sample_message_outbound,(blanked),148
Bolton,Bolton/CORRESPONDENCE OUT.xml,7a04b9d1-70ac-4008-b809-732b88267f5c,CORRESPONDENCE OUT,Copy file to share,password,${REDACTED_PASSWORD},11
Bolton,Bolton/CORRESPONDENCE OUT.xml,7a04b9d1-70ac-4008-b809-732b88267f5c,CORRESPONDENCE OUT,sourceConnector,password,${REDACTED_PASSWORD},11
Bolton,Bolton/CORRESPONDENCE OUT.xml,7a04b9d1-70ac-4008-b809-732b88267f5c,CORRESPONDENCE OUT,Copy file to share,sample_message_outbound,(blanked),736
Bolton,Bolton/CORRESPONDENCE OUT.xml,7a04b9d1-70ac-4008-b809-732b88267f5c,CORRESPONDENCE OUT,Copy file to share,username,${REDACTED_USERNAME},17
Bolton,Bolton/DICOM.xml,c14efd23-2c1c-4e53-a59f-dcfe0e727c3b,DICOM,PayloadProcessor API Send,password,${REDACTED_PASSWORD},11
Bolton,Bolton/DICOM.xml,c14efd23-2c1c-4e53-a59f-dcfe0e727c3b,DICOM,Write out file to IolMasterImport incoming folder when device is a Zeiss IOLMaster,password,${REDACTED_PASSWORD},11
Bolton,Bolton/PAS IN.xml,7a7288a3-5ade-46bc-921d-56baf0a6bf06,PAS IN,Clinic List - DELETE,password,${REDACTED_PASSWORD},11
Bolton,Bolton/PAS IN.xml,7a7288a3-5ade-46bc-921d-56baf0a6bf06,PAS IN,Clinic List - DNA,password,${REDACTED_PASSWORD},11
Bolton,Bolton/PAS IN.xml,7a7288a3-5ade-46bc-921d-56baf0a6bf06,PAS IN,Clinic List - PUT,password,${REDACTED_PASSWORD},11
Bolton,Bolton/PAS IN.xml,7a7288a3-5ade-46bc-921d-56baf0a6bf06,PAS IN,PASAPI - Patient,password,${REDACTED_PASSWORD},11
Bolton,Bolton/PAS IN.xml,7a7288a3-5ade-46bc-921d-56baf0a6bf06,PAS IN,PASAPI - Patient Merge,password,${REDACTED_PASSWORD},11
Bolton,Bolton/PAS IN.xml,7a7288a3-5ade-46bc-921d-56baf0a6bf06,PAS IN,PASAPI - Secondary Patient,password,${REDACTED_PASSWORD},11
Bolton,Bolton/PAS IN.xml,7a7288a3-5ade-46bc-921d-56baf0a6bf06,PAS IN,GenerateSecondaryHospitalNumber,sample_message_inbound,(blanked),884
Bolton,Bolton/PAS IN.xml,7a7288a3-5ade-46bc-921d-56baf0a6bf06,PAS IN,SessionCode,sample_message_inbound,(blanked),884
Bolton,Bolton/PAS IN.xml,7a7288a3-5ade-46bc-921d-56baf0a6bf06,PAS IN,Clinic List - DNA,username,${REDACTED_USERNAME},7
Bolton,Bolton/PAS OUT.xml,06f0b8b8-5ea0-41a4-a0bc-04b89fb5193c,PAS OUT,Set hosnum parameter,sample_message_inbound,(blanked),792
Bolton,Bolton/PAS OUT.xml,06f0b8b8-5ea0-41a4-a0bc-04b89fb5193c,PAS OUT,Set hosnum parameter,sample_message_outbound,(blanked),220
EK,EK/DICOM.xml,da67d2ba-db52-4f50-898b-b534d71450ab,DICOM,PayloadProcessor API Send,password,${REDACTED_PASSWORD},11
EK,EK/DICOM.xml,da67d2ba-db52-4f50-898b-b534d71450ab,DICOM,Write out file to IolMasterImport incoming folder when device is a Zeiss IOLMaster,password,${REDACTED_PASSWORD},11
EK,EK/Filedrop Correspondence.xml,7a04b9d1-70ac-4008-b809-732b88267f5c,Filedrop Correspondence,Copy file to share,password,${REDACTED_PASSWORD},11
EK,EK/Filedrop Correspondence.xml,7a04b9d1-70ac-4008-b809-732b88267f5c,Filedrop Correspondence,sourceConnector,password,${REDACTED_PASSWORD},11
EK,EK/Filedrop Correspondence.xml,7a04b9d1-70ac-4008-b809-732b88267f5c,Filedrop Correspondence,Copy file to share,sample_message_outbound,(blanked),736
EK,EK/Filedrop Correspondence.xml,7a04b9d1-70ac-4008-b809-732b88267f5c,Filedrop Correspondence,Copy file to share,username,${REDACTED_USERNAME},15
EK,EK/MTW Correspondence.xml,3ad2f609-8045-4da9-b708-2e291f18af15,MTW Correspondence,Copy file to share,password,${REDACTED_PASSWORD},11
EK,EK/MTW Correspondence.xml,3ad2f609-8045-4da9-b708-2e291f18af15,MTW Correspondence,sourceConnector,password,${REDACTED_PASSWORD},11
EK,EK/MTW Correspondence.xml,3ad2f609-8045-4da9-b708-2e291f18af15,MTW Correspondence,Copy file to share,sample_message_outbound,(blanked),736
EK,EK/MTW Correspondence.xml,3ad2f609-8045-4da9-b708-2e291f18af15,MTW Correspondence,Copy file to share,username,${REDACTED_USERNAME},20
EK,EK/PAS IN Maidstone.xml,712ec2e2-92a4-4f7a-bc3d-b216faeddc39,PAS IN Maidstone,Clinic List - DELETE,password,${REDACTED_PASSWORD},11
EK,EK/PAS IN Maidstone.xml,712ec2e2-92a4-4f7a-bc3d-b216faeddc39,PAS IN Maidstone,Clinic List - PUT,password,${REDACTED_PASSWORD},11
EK,EK/PAS IN Maidstone.xml,712ec2e2-92a4-4f7a-bc3d-b216faeddc39,PAS IN Maidstone,PASAPI - Patient,password,${REDACTED_PASSWORD},11
EK,EK/PAS IN Maidstone.xml,712ec2e2-92a4-4f7a-bc3d-b216faeddc39,PAS IN Maidstone,VisitStatusXML,sample_message_inbound,(blanked),604
EK,EK/PAS IN.xml,2a67566e-e26d-4bd9-9e9b-1ea0806c5da4,PAS IN,Clinic List - DELETE,password,${REDACTED_PASSWORD},11
EK,EK/PAS IN.xml,2a67566e-e26d-4bd9-9e9b-1ea0806c5da4,PAS IN,Clinic List - PUT,password,${REDACTED_PASSWORD},11
EK,EK/PAS IN.xml,2a67566e-e26d-4bd9-9e9b-1ea0806c5da4,PAS IN,PASAPI - Patient,password,${REDACTED_PASSWORD},11
EK,EK/PAS IN.xml,2a67566e-e26d-4bd9-9e9b-1ea0806c5da4,PAS IN,VisitStatusXML,sample_message_inbound,(blanked),604
EK,EK/PAS OUT.xml,06f0b8b8-5ea0-41a4-a0bc-04b89fb5193c,PAS OUT,Set familyname parameter,sample_message_inbound,(blanked),792
EK,EK/PAS OUT.xml,06f0b8b8-5ea0-41a4-a0bc-04b89fb5193c,PAS OUT,Set familyname parameter,sample_message_outbound,(blanked),316
EK,EK/Synertec Correspondence.xml,685aeaf0-45ba-41d1-afde-187226ce4162,Synertec Correspondence,Copy file to share,password,${REDACTED_PASSWORD},11
EK,EK/Synertec Correspondence.xml,685aeaf0-45ba-41d1-afde-187226ce4162,Synertec Correspondence,sourceConnector,password,${REDACTED_PASSWORD},11
EK,EK/Synertec Correspondence.xml,685aeaf0-45ba-41d1-afde-187226ce4162,Synertec Correspondence,Copy file to share,sample_message_outbound,(blanked),736
EK,EK/Synertec Correspondence.xml,685aeaf0-45ba-41d1-afde-187226ce4162,Synertec Correspondence,Copy file to share,username,${REDACTED_USERNAME},12
ENHT,ENHT/Dicom.xml,da67d2ba-db52-4f50-898b-b534d71450ab,DICOM,PayloadProcessor API Send,password,${REDACTED_PASSWORD},11
ENHT,ENHT/Dicom.xml,da67d2ba-db52-4f50-898b-b534d71450ab,DICOM,Write out file to IolMasterImport incoming folder when device is a Zeiss IOLMaster,password,${REDACTED_PASSWORD},11
ENHT,ENHT/Docman.xml,04524f4d-5201-4c16-b66f-26c3d7783d85,Docman,Destination 1,password,${REDACTED_PASSWORD},11
ENHT,ENHT/Docman.xml,04524f4d-5201-4c16-b66f-26c3d7783d85,Docman,sourceConnector,password,${REDACTED_PASSWORD},11
ENHT,ENHT/Docman.xml,04524f4d-5201-4c16-b66f-26c3d7783d85,Docman,Destination 1,username,${REDACTED_USERNAME},12
ENHT,ENHT/PAS.xml,7a7288a3-5ade-46bc-921d-56baf0a6bf06,PAS In,Clinic List - DELETE,password,${REDACTED_PASSWORD},11
ENHT,ENHT/PAS.xml,7a7288a3-5ade-46bc-921d-56baf0a6bf06,PAS In,Clinic List - PUT,password,${REDACTED_PASSWORD},11
ENHT,ENHT/PAS.xml,7a7288a3-5ade-46bc-921d-56baf0a6bf06,PAS In,PASAPI - Patient,password,${REDACTED_PASSWORD},11
ENHT,ENHT/PAS.xml,7a7288a3-5ade-46bc-921d-56baf0a6bf06,PAS In,PASAPI - Patient Merge,password,${REDACTED_PASSWORD},11
ENHT,ENHT/PAS.xml,7a7288a3-5ade-46bc-921d-56baf0a6bf06,PAS In,PASAPI - Secondary Patient,password,${REDACTED_PASSWORD},11
ENHT,ENHT/PAS.xml,7a7288a3-5ade-46bc-921d-56baf0a6bf06,PAS In,AdmitSource,sample_message_inbound,(blanked),884
ENHT,ENHT/PAS.xml,7a7288a3-5ade-46bc-921d-56baf0a6bf06,PAS In,GenerateSecondaryHospitalNumber,sample_message_inbound,(blanked),884
ENHT,ENHT/PAS.xml,cbc80f6b-73ad-491b-adc6-602ed5705c8b,PAS Out,Set hosnum or nhsnum parameter,sample_message_inbound,(blanked),792
ENHT,ENHT/PAS.xml,cbc80f6b-73ad-491b-adc6-602ed5705c8b,PAS Out,Set hosnum or nhsnum parameter,sample_message_outbound,(blanked),148
Kingston,Kingston/DICOM.xml,da67d2ba-db52-4f50-898b-b534d71450ab,DICOM,PayloadProcessor API Send,password,${REDACTED_PASSWORD},11
Kingston,Kingston/DICOM.xml,da67d2ba-db52-4f50-898b-b534d71450ab,DICOM,Write out file to IolMasterImport incoming folder when device is a Zeiss IOLMaster,password,${REDACTED_PASSWORD},11
Kingston,Kingston/Default Group.xml,06f0b8b8-5ea0-41a4-a0bc-04b89fb5193c,OpenEyes Correspondence,sourceConnector,password,${REDACTED_PASSWORD},11
Kingston,Kingston/Default Group.xml,06f0b8b8-5ea0-41a4-a0bc-04b89fb5193c,OpenEyes Correspondence,Parse XML,sample_message_outbound,(blanked),364
Kingston,Kingston/Default Group.xml,06f0b8b8-5ea0-41a4-a0bc-04b89fb5193c,OpenEyes Correspondence,Parse XML,sample_message_outbound,(blanked),736
Kingston,Kingston/Default Group.xml,ba5419a3-24a5-48a2-bd9b-5cb2072e87f4,OpenEyes DICOM Channel,Destination 1,password,${REDACTED_PASSWORD},11
Kingston,Kingston/Default Group.xml,eee5caa4-786f-451b-9a89-f00aeb46f935,OpenEyes DICOM IOLMaster Channel,Destination 1,password,${REDACTED_PASSWORD},11
Kingston,Kingston/Default Group.xml,eee5caa4-786f-451b-9a89-f00aeb46f935,OpenEyes DICOM IOLMaster Channel,Destination 2,password,${REDACTED_PASSWORD},11
Kingston,Kingston/PAS.xml,6c3a10d1-968d-468e-9355-008946825b20,OpenEyes PAS,Clinic List - DELETE,password,${REDACTED_PASSWORD},11
Kingston,Kingston/PAS.xml,6c3a10d1-968d-468e-9355-008946825b20,OpenEyes PAS,Clinic List - PUT,password,${REDACTED_PASSWORD},11
Kingston,Kingston/PAS.xml,6c3a10d1-968d-468e-9355-008946825b20,OpenEyes PAS,PASAPI - Patient,password,${REDACTED_PASSWORD},11
Kingston,Kingston/PAS.xml,6c3a10d1-968d-468e-9355-008946825b20,OpenEyes PAS,PatientIdentifier,sample_message_inbound,(blanked),1372
MEH,MEH/AIS OUT.xml,8439efef-2f9a-46c9-9385-888b4c2d0b92,AIS OUT,Get Flags,password,${REDACTED_PASSWORD},11
MEH,MEH/AIS OUT.xml,8439efef-2f9a-46c9-9385-888b4c2d0b92,AIS OUT,hospNum,sample_message_inbound,(blanked),792
MEH,MEH/AIS OUT.xml,8439efef-2f9a-46c9-9385-888b4c2d0b92,AIS OUT,hospNum,sample_message_outbound,(blanked),172
MEH,MEH/DICOM.xml,319fcf7f-ef08-4564-9dd1-33be634edfd4,DICOM,PayloadProcessor API Send,password,${REDACTED_PASSWORD},11
MEH,MEH/DICOM.xml,319fcf7f-ef08-4564-9dd1-33be634edfd4,DICOM,Write out file to IolMasterImport incoming folder when device is a Zeiss IOLMaster,password,${REDACTED_PASSWORD},11
MEH,MEH/Docman.xml,04524f4d-5201-4c16-b66f-26c3d7783d85,Docman,Destination 1,password,${REDACTED_PASSWORD},11
MEH,MEH/Docman.xml,04524f4d-5201-4c16-b66f-26c3d7783d85,Docman,sourceConnector,password,${REDACTED_PASSWORD},11
MEH,MEH/Docman.xml,04524f4d-5201-4c16-b66f-26c3d7783d85,Docman,Destination 1,username,${REDACTED_USERNAME},11
MEH,MEH/OpenEyes PAS Query v2.xml,969561b8-b516-4fce-9b3e-6865d6f19602,OpenEyes PAS Query v2,Set Message Type and data,sample_message_inbound,(blanked),792
MEH,MEH/OpenEyes PAS Query v2.xml,969561b8-b516-4fce-9b3e-6865d6f19602,OpenEyes PAS Query v2,Set Message Type and data,sample_message_outbound,(blanked),148
MEH,MEH/OpenEyes PAS v2.xml,7d6b6b87-29ff-49e2-b4e5-38022c768b24,OpenEyes PAS v2,AIS,password,${REDACTED_PASSWORD},11
MEH,MEH/OpenEyes PAS v2.xml,7d6b6b87-29ff-49e2-b4e5-38022c768b24,OpenEyes PAS v2,Clinic List - DELETE,password,${REDACTED_PASSWORD},11
MEH,MEH/OpenEyes PAS v2.xml,7d6b6b87-29ff-49e2-b4e5-38022c768b24,OpenEyes PAS v2,Clinic List - PUT,password,${REDACTED_PASSWORD},11
MEH,MEH/OpenEyes PAS v2.xml,7d6b6b87-29ff-49e2-b4e5-38022c768b24,OpenEyes PAS v2,PASAPI - Patient,password,${REDACTED_PASSWORD},11
MEH,MEH/OpenEyes PAS v2.xml,7d6b6b87-29ff-49e2-b4e5-38022c768b24,OpenEyes PAS v2,PASAPI - Patient Merge,password,${REDACTED_PASSWORD},11
MEH,MEH/OpenEyes PAS v2.xml,7d6b6b87-29ff-49e2-b4e5-38022c768b24,OpenEyes PAS v2,PASAPI - Secondary Patient,password,${REDACTED_PASSWORD},11
MEH,MEH/OpenEyes PAS v2.xml,7d6b6b87-29ff-49e2-b4e5-38022c768b24,OpenEyes PAS v2,AIS,sample_message_inbound,(blanked),884
MEH,MEH/OpenEyes PAS v2.xml,7d6b6b87-29ff-49e2-b4e5-38022c768b24,OpenEyes PAS v2,AISXML,sample_message_inbound,(blanked),884
MEH,MEH/OpenEyes PAS v2.xml,7d6b6b87-29ff-49e2-b4e5-38022c768b24,OpenEyes PAS v2,GenerateSecondaryHospitalNumber,sample_message_inbound,(blanked),884
Newmedica,Newmedica/DICOM.xml,99f6d548-97f8-4400-96c4-ea388e72d48e,DICOM,PayloadProcessor API Send,password,${REDACTED_PASSWORD},11
Newmedica,Newmedica/DICOM.xml,99f6d548-97f8-4400-96c4-ea388e72d48e,DICOM,Write out file to IolMasterImport incoming folder when device is a Zeiss IOLMaster,password,${REDACTED_PASSWORD},11
Newmedica,Newmedica/Default Group.xml,d77eae0b-4d62-4f53-ba0d-703daeabc3ed,Docman,Destination 1,password,${REDACTED_PASSWORD},11
Newmedica,Newmedica/Default Group.xml,d77eae0b-4d62-4f53-ba0d-703daeabc3ed,Docman,sourceConnector,password,${REDACTED_PASSWORD},11
Newmedica,Newmedica/Default Group.xml,d77eae0b-4d62-4f53-ba0d-703daeabc3ed,Docman,Destination 1,username,${REDACTED_USERNAME},8
Newmedica,Newmedica/Default Group.xml,c878f575-333c-4357-955a-95c572350204,Generic Document processor,Destination 1,password,${REDACTED_PASSWORD},11
Newmedica,Newmedica/Default Group.xml,95e0a91d-6127-4e4b-b6f7-0431f641036f,Generic Document processor OLD,Destination 1,password,${REDACTED_PASSWORD},11
Newmedica,Newmedica/Default Group.xml,0e8bdcb1-966a-4f0a-beb5-72bc6a027d12,OpenEyes Document In,Clinic List - DELETE,password,${REDACTED_PASSWORD},11
Newmedica,Newmedica/Default Group.xml,0e8bdcb1-966a-4f0a-beb5-72bc6a027d12,OpenEyes Document In,Clinic List - DNA,password,${REDACTED_PASSWORD},11
Newmedica,Newmedica/Default Group.xml,0e8bdcb1-966a-4f0a-beb5-72bc6a027d12,OpenEyes Document In,Clinic List - PUT,password,${REDACTED_PASSWORD},11
Newmedica,Newmedica/Default Group.xml,0e8bdcb1-966a-4f0a-beb5-72bc6a027d12,OpenEyes Document In,PASAPI - Patient,password,${REDACTED_PASSWORD},11
Newmedica,Newmedica/Default Group.xml,0e8bdcb1-966a-4f0a-beb5-72bc6a027d12,OpenEyes Document In,PASAPI - Patient Merge,password,${REDACTED_PASSWORD},11
Newmedica,Newmedica/Default Group.xml,0e8bdcb1-966a-4f0a-beb5-72bc6a027d12,OpenEyes Document In,PASAPI - Patient Referral,password,${REDACTED_PASSWORD},11
Newmedica,Newmedica/Default Group.xml,0e8bdcb1-966a-4f0a-beb5-72bc6a027d12,OpenEyes Document In,PASAPI - Secondary Patient,password,${REDACTED_PASSWORD},11
Newmedica,Newmedica/Default Group.xml,0e8bdcb1-966a-4f0a-beb5-72bc6a027d12,OpenEyes Document In,DidNotAttendComment,sample_message_inbound,(blanked),884
Newmedica,Newmedica/Default Group.xml,0e8bdcb1-966a-4f0a-beb5-72bc6a027d12,OpenEyes Document In,DidNotAttendComment,sample_message_inbound,(blanked),884
Newmedica,Newmedica/Default Group.xml,0e8bdcb1-966a-4f0a-beb5-72bc6a027d12,OpenEyes Document In,GenerateSecondaryHospitalNumber,sample_message_inbound,(blanked),884
Newmedica,Newmedica/PAS.xml,1fac4399-a6ee-4fed-aa6a-1aea903485ee,OpenEyes PAS In,Clinic List - DELETE,password,${REDACTED_PASSWORD},11
Newmedica,Newmedica/PAS.xml,1fac4399-a6ee-4fed-aa6a-1aea903485ee,OpenEyes PAS In,Clinic List - DNA,password,${REDACTED_PASSWORD},11
Newmedica,Newmedica/PAS.xml,1fac4399-a6ee-4fed-aa6a-1aea903485ee,OpenEyes PAS In,Clinic List - PUT,password,${REDACTED_PASSWORD},11
Newmedica,Newmedica/PAS.xml,1fac4399-a6ee-4fed-aa6a-1aea903485ee,OpenEyes PAS In,PASAPI - Patient,password,${REDACTED_PASSWORD},11
Newmedica,Newmedica/PAS.xml,1fac4399-a6ee-4fed-aa6a-1aea903485ee,OpenEyes PAS In,PASAPI - Patient Merge,password,${REDACTED_PASSWORD},11
Newmedica,Newmedica/PAS.xml,1fac4399-a6ee-4fed-aa6a-1aea903485ee,OpenEyes PAS In,PASAPI - Patient Referral,password,${REDACTED_PASSWORD},11
Newmedica,Newmedica/PAS.xml,1fac4399-a6ee-4fed-aa6a-1aea903485ee,OpenEyes PAS In,PASAPI - Secondary Patient,password,${REDACTED_PASSWORD},11
Newmedica,Newmedica/PAS.xml,1fac4399-a6ee-4fed-aa6a-1aea903485ee,OpenEyes PAS In,DidNotAttendComment,sample_message_inbound,(blanked),884
Newmedica,Newmedica/PAS.xml,1fac4399-a6ee-4fed-aa6a-1aea903485ee,OpenEyes PAS In,DidNotAttendComment,sample_message_inbound,(blanked),884
Newmedica,Newmedica/PAS.xml,1fac4399-a6ee-4fed-aa6a-1aea903485ee,OpenEyes PAS In,GenerateSecondaryHospitalNumber,sample_message_inbound,(blanked),884
Newmedica,Newmedica/PAS.xml,18755f08-f96f-4896-bdee-0aa655ee62bb,OpenEyes PAS Out,Remove empty Interim Outcome,sample_message_inbound,(blanked),792
Newmedica,Newmedica/PAS.xml,18755f08-f96f-4896-bdee-0aa655ee62bb,OpenEyes PAS Out,Remove empty Interim Outcome,sample_message_outbound,(blanked),148
Newmedica,Newmedica/PAS.xml,ffa240cd-f1be-42c1-a986-ef9a203d7e58,PAS In LOCAL-1-0,Clinic List - DELETE,password,${REDACTED_PASSWORD},11
Newmedica,Newmedica/PAS.xml,ffa240cd-f1be-42c1-a986-ef9a203d7e58,PAS In LOCAL-1-0,Clinic List - DNA,password,${REDACTED_PASSWORD},11
Newmedica,Newmedica/PAS.xml,ffa240cd-f1be-42c1-a986-ef9a203d7e58,PAS In LOCAL-1-0,Clinic List - PUT,password,${REDACTED_PASSWORD},11
Newmedica,Newmedica/PAS.xml,ffa240cd-f1be-42c1-a986-ef9a203d7e58,PAS In LOCAL-1-0,PASAPI - Patient,password,${REDACTED_PASSWORD},11
Newmedica,Newmedica/PAS.xml,ffa240cd-f1be-42c1-a986-ef9a203d7e58,PAS In LOCAL-1-0,PASAPI - Patient Merge,password,${REDACTED_PASSWORD},11
Newmedica,Newmedica/PAS.xml,ffa240cd-f1be-42c1-a986-ef9a203d7e58,PAS In LOCAL-1-0,PASAPI - Patient Referral,password,${REDACTED_PASSWORD},11
Newmedica,Newmedica/PAS.xml,ffa240cd-f1be-42c1-a986-ef9a203d7e58,PAS In LOCAL-1-0,PASAPI - Secondary Patient,password,${REDACTED_PASSWORD},11
Newmedica,Newmedica/PAS.xml,ffa240cd-f1be-42c1-a986-ef9a203d7e58,PAS In LOCAL-1-0,AppointmentAssigneeXML,sample_message_inbound,(blanked),884
Newmedica,Newmedica/PAS.xml,ffa240cd-f1be-42c1-a986-ef9a203d7e58,PAS In LOCAL-1-0,DidNotAttendComment,sample_message_inbound,(blanked),884
Newmedica,Newmedica/PAS.xml,ffa240cd-f1be-42c1-a986-ef9a203d7e58,PAS In LOCAL-1-0,GenerateSecondaryHospitalNumber,sample_message_inbound,(blanked),884
Newmedica,Newmedica/PAS.xml,26d6b455-48e9-4b65-ae7f-f030dcaa0a8b,PAS In LOCAL-184-0,Clinic List - DELETE,password,${REDACTED_PASSWORD},11
Newmedica,Newmedica/PAS.xml,26d6b455-48e9-4b65-ae7f-f030dcaa0a8b,PAS In LOCAL-184-0,Clinic List - DNA,password,${REDACTED_PASSWORD},11
Newmedica,Newmedica/PAS.xml,26d6b455-48e9-4b65-ae7f-f030dcaa0a8b,PAS In LOCAL-184-0,Clinic List - PUT,password,${REDACTED_PASSWORD},11
Newmedica,Newmedica/PAS.xml,26d6b455-48e9-4b65-ae7f-f030dcaa0a8b,PAS In LOCAL-184-0,PASAPI - Patient,password,${REDACTED_PASSWORD},11
Newmedica,Newmedica/PAS.xml,26d6b455-48e9-4b65-ae7f-f030dcaa0a8b,PAS In LOCAL-184-0,PASAPI - Patient Merge,password,${REDACTED_PASSWORD},11
Newmedica,Newmedica/PAS.xml,26d6b455-48e9-4b65-ae7f-f030dcaa0a8b,PAS In LOCAL-184-0,PASAPI - Patient Referral,password,${REDACTED_PASSWORD},11
Newmedica,Newmedica/PAS.xml,26d6b455-48e9-4b65-ae7f-f030dcaa0a8b,PAS In LOCAL-184-0,PASAPI - Secondary Patient,password,${REDACTED_PASSWORD},11
Newmedica,Newmedica/PAS.xml,26d6b455-48e9-4b65-ae7f-f030dcaa0a8b,PAS In LOCAL-184-0,AppointmentAssigneeXML,sample_message_inbound,(blanked),884
Newmedica,Newmedica/PAS.xml,26d6b455-48e9-4b65-ae7f-f030dcaa0a8b,PAS In LOCAL-184-0,DidNotAttendComment,sample_message_inbound,(blanked),884
Newmedica,Newmedica/PAS.xml,26d6b455-48e9-4b65-ae7f-f030dcaa0a8b,PAS In LOCAL-184-0,GenerateSecondaryHospitalNumber,sample_message_inbound,(blanked),884
Newmedica,Newmedica/PAS.xml,9f82c6ab-6ab2-4d76-895f-aa4ca1b8d0a7,PAS In LOCAL-186-0,Clinic List - DELETE,password,${REDACTED_PASSWORD},11
Newmedica,Newmedica/PAS.xml,9f82c6ab-6ab2-4d76-895f-aa4ca1b8d0a7,PAS In LOCAL-186-0,Clinic List - DNA,password,${REDACTED_PASSWORD},11
Newmedica,Newmedica/PAS.xml,9f82c6ab-6ab2-4d76-895f-aa4ca1b8d0a7,PAS In LOCAL-186-0,Clinic List - PUT,password,${REDACTED_PASSWORD},11
Newmedica,Newmedica/PAS.xml,9f82c6ab-6ab2-4d76-895f-aa4ca1b8d0a7,PAS In LOCAL-186-0,PASAPI - Patient,password,${REDACTED_PASSWORD},11
Newmedica,Newmedica/PAS.xml,9f82c6ab-6ab2-4d76-895f-aa4ca1b8d0a7,PAS In LOCAL-186-0,PASAPI - Patient Merge,password,${REDACTED_PASSWORD},11
Newmedica,Newmedica/PAS.xml,9f82c6ab-6ab2-4d76-895f-aa4ca1b8d0a7,PAS In LOCAL-186-0,PASAPI - Patient Referral,password,${REDACTED_PASSWORD},11
Newmedica,Newmedica/PAS.xml,9f82c6ab-6ab2-4d76-895f-aa4ca1b8d0a7,PAS In LOCAL-186-0,PASAPI - Secondary Patient,password,${REDACTED_PASSWORD},11
Newmedica,Newmedica/PAS.xml,9f82c6ab-6ab2-4d76-895f-aa4ca1b8d0a7,PAS In LOCAL-186-0,AppointmentAssigneeXML,sample_message_inbound,(blanked),884
Newmedica,Newmedica/PAS.xml,9f82c6ab-6ab2-4d76-895f-aa4ca1b8d0a7,PAS In LOCAL-186-0,DidNotAttendComment,sample_message_inbound,(blanked),884
Newmedica,Newmedica/PAS.xml,9f82c6ab-6ab2-4d76-895f-aa4ca1b8d0a7,PAS In LOCAL-186-0,GenerateSecondaryHospitalNumber,sample_message_inbound,(blanked),884
Newmedica,Newmedica/PAS.xml,bd18bf88-46ff-462e-b181-5302b98e4f1f,PAS In LOCAL-187-0,Clinic List - DELETE,password,${REDACTED_PASSWORD},11
Newmedica,Newmedica/PAS.xml,bd18bf88-46ff-462e-b181-5302b98e4f1f,PAS In LOCAL-187-0,Clinic List - DNA,password,${REDACTED_PASSWORD},11
Newmedica,Newmedica/PAS.xml,bd18bf88-46ff-462e-b181-5302b98e4f1f,PAS In LOCAL-187-0,Clinic List - PUT,password,${REDACTED_PASSWORD},11
Newmedica,Newmedica/PAS.xml,bd18bf88-46ff-462e-b181-5302b98e4f1f,PAS In LOCAL-187-0,PASAPI - Patient,password,${REDACTED_PASSWORD},11
Newmedica,Newmedica/PAS.xml,bd18bf88-46ff-462e-b181-5302b98e4f1f,PAS In LOCAL-187-0,PASAPI - Patient Merge,password,${REDACTED_PASSWORD},11
Newmedica,Newmedica/PAS.xml,bd18bf88-46ff-462e-b181-5302b98e4f1f,PAS In LOCAL-187-0,PASAPI - Patient Referral,password,${REDACTED_PASSWORD},11
Newmedica,Newmedica/PAS.xml,bd18bf88-46ff-462e-b181-5302b98e4f1f,PAS In LOCAL-187-0,PASAPI - Secondary Patient,password,${REDACTED_PASSWORD},11
Newmedica,Newmedica/PAS.xml,bd18bf88-46ff-462e-b181-5302b98e4f1f,PAS In LOCAL-187-0,AppointmentAssigneeXML,sample_message_inbound,(blanked),884
Newmedica,Newmedica/PAS.xml,bd18bf88-46ff-462e-b181-5302b98e4f1f,PAS In LOCAL-187-0,DidNotAttendComment,sample_message_inbound,(blanked),884
Newmedica,Newmedica/PAS.xml,bd18bf88-46ff-462e-b181-5302b98e4f1f,PAS In LOCAL-187-0,GenerateSecondaryHospitalNumber,sample_message_inbound,(blanked),884
Newmedica,Newmedica/PAS.xml,b155ec7f-2e73-475b-b565-b2b509d079ef,PAS In LOCAL-188-0,Clinic List - DELETE,password,${REDACTED_PASSWORD},11
Newmedica,Newmedica/PAS.xml,b155ec7f-2e73-475b-b565-b2b509d079ef,PAS In LOCAL-188-0,Clinic List - DNA,password,${REDACTED_PASSWORD},11
Newmedica,Newmedica/PAS.xml,b155ec7f-2e73-475b-b565-b2b509d079ef,PAS In LOCAL-188-0,Clinic List - PUT,password,${REDACTED_PASSWORD},11
Newmedica,Newmedica/PAS.xml,b155ec7f-2e73-475b-b565-b2b509d079ef,PAS In LOCAL-188-0,PASAPI - Patient,password,${REDACTED_PASSWORD},11
Newmedica,Newmedica/PAS.xml,b155ec7f-2e73-475b-b565-b2b509d079ef,PAS In LOCAL-188-0,PASAPI - Patient Merge,password,${REDACTED_PASSWORD},11
Newmedica,Newmedica/PAS.xml,b155ec7f-2e73-475b-b565-b2b509d079ef,PAS In LOCAL-188-0,PASAPI - Patient Referral,password,${REDACTED_PASSWORD},11
Newmedica,Newmedica/PAS.xml,b155ec7f-2e73-475b-b565-b2b509d079ef,PAS In LOCAL-188-0,PASAPI - Secondary Patient,password,${REDACTED_PASSWORD},11
Newmedica,Newmedica/PAS.xml,b155ec7f-2e73-475b-b565-b2b509d079ef,PAS In LOCAL-188-0,AppointmentAssigneeXML,sample_message_inbound,(blanked),884
Newmedica,Newmedica/PAS.xml,b155ec7f-2e73-475b-b565-b2b509d079ef,PAS In LOCAL-188-0,DidNotAttendComment,sample_message_inbound,(blanked),884
Newmedica,Newmedica/PAS.xml,b155ec7f-2e73-475b-b565-b2b509d079ef,PAS In LOCAL-188-0,GenerateSecondaryHospitalNumber,sample_message_inbound,(blanked),884
Newmedica,Newmedica/PAS.xml,9f9973dd-419c-4166-b45f-1dbe999146ea,PAS In LOCAL-189-0,Clinic List - DELETE,password,${REDACTED_PASSWORD},11
Newmedica,Newmedica/PAS.xml,9f9973dd-419c-4166-b45f-1dbe999146ea,PAS In LOCAL-189-0,Clinic List - DNA,password,${REDACTED_PASSWORD},11
Newmedica,Newmedica/PAS.xml,9f9973dd-419c-4166-b45f-1dbe999146ea,PAS In LOCAL-189-0,Clinic List - PUT,password,${REDACTED_PASSWORD},11
Newmedica,Newmedica/PAS.xml,9f9973dd-419c-4166-b45f-1dbe999146ea,PAS In LOCAL-189-0,PASAPI - Patient,password,${REDACTED_PASSWORD},11
Newmedica,Newmedica/PAS.xml,9f9973dd-419c-4166-b45f-1dbe999146ea,PAS In LOCAL-189-0,PASAPI - Patient Merge,password,${REDACTED_PASSWORD},11
Newmedica,Newmedica/PAS.xml,9f9973dd-419c-4166-b45f-1dbe999146ea,PAS In LOCAL-189-0,PASAPI - Patient Referral,password,${REDACTED_PASSWORD},11
Newmedica,Newmedica/PAS.xml,9f9973dd-419c-4166-b45f-1dbe999146ea,PAS In LOCAL-189-0,PASAPI - Secondary Patient,password,${REDACTED_PASSWORD},11
Newmedica,Newmedica/PAS.xml,9f9973dd-419c-4166-b45f-1dbe999146ea,PAS In LOCAL-189-0,AppointmentAssigneeXML,sample_message_inbound,(blanked),884
Newmedica,Newmedica/PAS.xml,9f9973dd-419c-4166-b45f-1dbe999146ea,PAS In LOCAL-189-0,DidNotAttendComment,sample_message_inbound,(blanked),884
Newmedica,Newmedica/PAS.xml,9f9973dd-419c-4166-b45f-1dbe999146ea,PAS In LOCAL-189-0,GenerateSecondaryHospitalNumber,sample_message_inbound,(blanked),884
Newmedica,Newmedica/PAS.xml,09ebb81b-cb25-4357-ba16-9e845cd19241,PAS In LOCAL-190-0,Clinic List - DELETE,password,${REDACTED_PASSWORD},11
Newmedica,Newmedica/PAS.xml,09ebb81b-cb25-4357-ba16-9e845cd19241,PAS In LOCAL-190-0,Clinic List - DNA,password,${REDACTED_PASSWORD},11
Newmedica,Newmedica/PAS.xml,09ebb81b-cb25-4357-ba16-9e845cd19241,PAS In LOCAL-190-0,Clinic List - PUT,password,${REDACTED_PASSWORD},11
Newmedica,Newmedica/PAS.xml,09ebb81b-cb25-4357-ba16-9e845cd19241,PAS In LOCAL-190-0,PASAPI - Patient,password,${REDACTED_PASSWORD},11
Newmedica,Newmedica/PAS.xml,09ebb81b-cb25-4357-ba16-9e845cd19241,PAS In LOCAL-190-0,PASAPI - Patient Merge,password,${REDACTED_PASSWORD},11
Newmedica,Newmedica/PAS.xml,09ebb81b-cb25-4357-ba16-9e845cd19241,PAS In LOCAL-190-0,PASAPI - Patient Referral,password,${REDACTED_PASSWORD},11
Newmedica,Newmedica/PAS.xml,09ebb81b-cb25-4357-ba16-9e845cd19241,PAS In LOCAL-190-0,PASAPI - Secondary Patient,password,${REDACTED_PASSWORD},11
Newmedica,Newmedica/PAS.xml,09ebb81b-cb25-4357-ba16-9e845cd19241,PAS In LOCAL-190-0,AppointmentAssigneeXML,sample_message_inbound,(blanked),884
Newmedica,Newmedica/PAS.xml,09ebb81b-cb25-4357-ba16-9e845cd19241,PAS In LOCAL-190-0,DidNotAttendComment,sample_message_inbound,(blanked),884
Newmedica,Newmedica/PAS.xml,09ebb81b-cb25-4357-ba16-9e845cd19241,PAS In LOCAL-190-0,GenerateSecondaryHospitalNumber,sample_message_inbound,(blanked),884
Newmedica,Newmedica/PAS.xml,f01ab7a5-b8e2-46a0-8a30-caea6fddeb38,PAS In LOCAL-191-0,Clinic List - DELETE,password,${REDACTED_PASSWORD},11
Newmedica,Newmedica/PAS.xml,f01ab7a5-b8e2-46a0-8a30-caea6fddeb38,PAS In LOCAL-191-0,Clinic List - DNA,password,${REDACTED_PASSWORD},11
Newmedica,Newmedica/PAS.xml,f01ab7a5-b8e2-46a0-8a30-caea6fddeb38,PAS In LOCAL-191-0,Clinic List - PUT,password,${REDACTED_PASSWORD},11
Newmedica,Newmedica/PAS.xml,f01ab7a5-b8e2-46a0-8a30-caea6fddeb38,PAS In LOCAL-191-0,PASAPI - Patient,password,${REDACTED_PASSWORD},11
Newmedica,Newmedica/PAS.xml,f01ab7a5-b8e2-46a0-8a30-caea6fddeb38,PAS In LOCAL-191-0,PASAPI - Patient Merge,password,${REDACTED_PASSWORD},11
Newmedica,Newmedica/PAS.xml,f01ab7a5-b8e2-46a0-8a30-caea6fddeb38,PAS In LOCAL-191-0,PASAPI - Patient Referral,password,${REDACTED_PASSWORD},11
Newmedica,Newmedica/PAS.xml,f01ab7a5-b8e2-46a0-8a30-caea6fddeb38,PAS In LOCAL-191-0,PASAPI - Secondary Patient,password,${REDACTED_PASSWORD},11
Newmedica,Newmedica/PAS.xml,f01ab7a5-b8e2-46a0-8a30-caea6fddeb38,PAS In LOCAL-191-0,AppointmentAssigneeXML,sample_message_inbound,(blanked),884
Newmedica,Newmedica/PAS.xml,f01ab7a5-b8e2-46a0-8a30-caea6fddeb38,PAS In LOCAL-191-0,DidNotAttendComment,sample_message_inbound,(blanked),884
Newmedica,Newmedica/PAS.xml,f01ab7a5-b8e2-46a0-8a30-caea6fddeb38,PAS In LOCAL-191-0,GenerateSecondaryHospitalNumber,sample_message_inbound,(blanked),884
Newmedica,Newmedica/PAS.xml,4eca83af-de0f-4a6e-b316-83100f2e132e,PAS In LOCAL-192-0,Clinic List - DELETE,password,${REDACTED_PASSWORD},11
Newmedica,Newmedica/PAS.xml,4eca83af-de0f-4a6e-b316-83100f2e132e,PAS In LOCAL-192-0,Clinic List - DNA,password,${REDACTED_PASSWORD},11
Newmedica,Newmedica/PAS.xml,4eca83af-de0f-4a6e-b316-83100f2e132e,PAS In LOCAL-192-0,Clinic List - PUT,password,${REDACTED_PASSWORD},11
Newmedica,Newmedica/PAS.xml,4eca83af-de0f-4a6e-b316-83100f2e132e,PAS In LOCAL-192-0,PASAPI - Patient,password,${REDACTED_PASSWORD},11
Newmedica,Newmedica/PAS.xml,4eca83af-de0f-4a6e-b316-83100f2e132e,PAS In LOCAL-192-0,PASAPI - Patient Merge,password,${REDACTED_PASSWORD},11
Newmedica,Newmedica/PAS.xml,4eca83af-de0f-4a6e-b316-83100f2e132e,PAS In LOCAL-192-0,PASAPI - Patient Referral,password,${REDACTED_PASSWORD},11
Newmedica,Newmedica/PAS.xml,4eca83af-de0f-4a6e-b316-83100f2e132e,PAS In LOCAL-192-0,PASAPI - Secondary Patient,password,${REDACTED_PASSWORD},11
Newmedica,Newmedica/PAS.xml,4eca83af-de0f-4a6e-b316-83100f2e132e,PAS In LOCAL-192-0,AppointmentAssigneeXML,sample_message_inbound,(blanked),884
Newmedica,Newmedica/PAS.xml,4eca83af-de0f-4a6e-b316-83100f2e132e,PAS In LOCAL-192-0,DidNotAttendComment,sample_message_inbound,(blanked),884
Newmedica,Newmedica/PAS.xml,4eca83af-de0f-4a6e-b316-83100f2e132e,PAS In LOCAL-192-0,GenerateSecondaryHospitalNumber,sample_message_inbound,(blanked),884
Newmedica,Newmedica/PAS.xml,4173965c-f78b-43dd-8840-b65790281a08,PAS In LOCAL-204-0,Clinic List - DELETE,password,${REDACTED_PASSWORD},11
Newmedica,Newmedica/PAS.xml,4173965c-f78b-43dd-8840-b65790281a08,PAS In LOCAL-204-0,Clinic List - DNA,password,${REDACTED_PASSWORD},11
Newmedica,Newmedica/PAS.xml,4173965c-f78b-43dd-8840-b65790281a08,PAS In LOCAL-204-0,Clinic List - PUT,password,${REDACTED_PASSWORD},11
Newmedica,Newmedica/PAS.xml,4173965c-f78b-43dd-8840-b65790281a08,PAS In LOCAL-204-0,PASAPI - Patient,password,${REDACTED_PASSWORD},11
Newmedica,Newmedica/PAS.xml,4173965c-f78b-43dd-8840-b65790281a08,PAS In LOCAL-204-0,PASAPI - Patient Merge,password,${REDACTED_PASSWORD},11
Newmedica,Newmedica/PAS.xml,4173965c-f78b-43dd-8840-b65790281a08,PAS In LOCAL-204-0,PASAPI - Patient Referral,password,${REDACTED_PASSWORD},11
Newmedica,Newmedica/PAS.xml,4173965c-f78b-43dd-8840-b65790281a08,PAS In LOCAL-204-0,PASAPI - Secondary Patient,password,${REDACTED_PASSWORD},11
Newmedica,Newmedica/PAS.xml,4173965c-f78b-43dd-8840-b65790281a08,PAS In LOCAL-204-0,AppointmentAssigneeXML,sample_message_inbound,(blanked),884
Newmedica,Newmedica/PAS.xml,4173965c-f78b-43dd-8840-b65790281a08,PAS In LOCAL-204-0,DidNotAttendComment,sample_message_inbound,(blanked),884
Newmedica,Newmedica/PAS.xml,4173965c-f78b-43dd-8840-b65790281a08,PAS In LOCAL-204-0,GenerateSecondaryHospitalNumber,sample_message_inbound,(blanked),884
Newmedica,Newmedica/PAS.xml,ebd7b20d-130e-41ed-bec4-027592d8f678,PAS In LOCAL-205-0,Clinic List - DELETE,password,${REDACTED_PASSWORD},11
Newmedica,Newmedica/PAS.xml,ebd7b20d-130e-41ed-bec4-027592d8f678,PAS In LOCAL-205-0,Clinic List - DNA,password,${REDACTED_PASSWORD},11
Newmedica,Newmedica/PAS.xml,ebd7b20d-130e-41ed-bec4-027592d8f678,PAS In LOCAL-205-0,Clinic List - PUT,password,${REDACTED_PASSWORD},11
Newmedica,Newmedica/PAS.xml,ebd7b20d-130e-41ed-bec4-027592d8f678,PAS In LOCAL-205-0,PASAPI - Patient,password,${REDACTED_PASSWORD},11
Newmedica,Newmedica/PAS.xml,ebd7b20d-130e-41ed-bec4-027592d8f678,PAS In LOCAL-205-0,PASAPI - Patient Merge,password,${REDACTED_PASSWORD},11
Newmedica,Newmedica/PAS.xml,ebd7b20d-130e-41ed-bec4-027592d8f678,PAS In LOCAL-205-0,PASAPI - Patient Referral,password,${REDACTED_PASSWORD},11
Newmedica,Newmedica/PAS.xml,ebd7b20d-130e-41ed-bec4-027592d8f678,PAS In LOCAL-205-0,PASAPI - Secondary Patient,password,${REDACTED_PASSWORD},11
Newmedica,Newmedica/PAS.xml,ebd7b20d-130e-41ed-bec4-027592d8f678,PAS In LOCAL-205-0,AppointmentAssigneeXML,sample_message_inbound,(blanked),884
Newmedica,Newmedica/PAS.xml,ebd7b20d-130e-41ed-bec4-027592d8f678,PAS In LOCAL-205-0,DidNotAttendComment,sample_message_inbound,(blanked),884
Newmedica,Newmedica/PAS.xml,ebd7b20d-130e-41ed-bec4-027592d8f678,PAS In LOCAL-205-0,GenerateSecondaryHospitalNumber,sample_message_inbound,(blanked),884
Newmedica,Newmedica/PAS.xml,4e8138ae-4407-4fa0-beb4-21a6cae9b2b8,PAS In LOCAL-206-0,Clinic List - DELETE,password,${REDACTED_PASSWORD},11
Newmedica,Newmedica/PAS.xml,4e8138ae-4407-4fa0-beb4-21a6cae9b2b8,PAS In LOCAL-206-0,Clinic List - DNA,password,${REDACTED_PASSWORD},11
Newmedica,Newmedica/PAS.xml,4e8138ae-4407-4fa0-beb4-21a6cae9b2b8,PAS In LOCAL-206-0,Clinic List - PUT,password,${REDACTED_PASSWORD},11
Newmedica,Newmedica/PAS.xml,4e8138ae-4407-4fa0-beb4-21a6cae9b2b8,PAS In LOCAL-206-0,PASAPI - Patient,password,${REDACTED_PASSWORD},11
Newmedica,Newmedica/PAS.xml,4e8138ae-4407-4fa0-beb4-21a6cae9b2b8,PAS In LOCAL-206-0,PASAPI - Patient Merge,password,${REDACTED_PASSWORD},11
Newmedica,Newmedica/PAS.xml,4e8138ae-4407-4fa0-beb4-21a6cae9b2b8,PAS In LOCAL-206-0,PASAPI - Patient Referral,password,${REDACTED_PASSWORD},11
Newmedica,Newmedica/PAS.xml,4e8138ae-4407-4fa0-beb4-21a6cae9b2b8,PAS In LOCAL-206-0,PASAPI - Secondary Patient,password,${REDACTED_PASSWORD},11
Newmedica,Newmedica/PAS.xml,4e8138ae-4407-4fa0-beb4-21a6cae9b2b8,PAS In LOCAL-206-0,AppointmentAssigneeXML,sample_message_inbound,(blanked),884
Newmedica,Newmedica/PAS.xml,4e8138ae-4407-4fa0-beb4-21a6cae9b2b8,PAS In LOCAL-206-0,DidNotAttendComment,sample_message_inbound,(blanked),884
Newmedica,Newmedica/PAS.xml,4e8138ae-4407-4fa0-beb4-21a6cae9b2b8,PAS In LOCAL-206-0,GenerateSecondaryHospitalNumber,sample_message_inbound,(blanked),884
Newmedica,Newmedica/PAS.xml,79666d06-1c95-4a94-a51e-ee1a74c07e31,PAS In LOCAL-207-0,Clinic List - DELETE,password,${REDACTED_PASSWORD},11
Newmedica,Newmedica/PAS.xml,79666d06-1c95-4a94-a51e-ee1a74c07e31,PAS In LOCAL-207-0,Clinic List - DNA,password,${REDACTED_PASSWORD},11
Newmedica,Newmedica/PAS.xml,79666d06-1c95-4a94-a51e-ee1a74c07e31,PAS In LOCAL-207-0,Clinic List - PUT,password,${REDACTED_PASSWORD},11
Newmedica,Newmedica/PAS.xml,79666d06-1c95-4a94-a51e-ee1a74c07e31,PAS In LOCAL-207-0,PASAPI - Patient,password,${REDACTED_PASSWORD},11
Newmedica,Newmedica/PAS.xml,79666d06-1c95-4a94-a51e-ee1a74c07e31,PAS In LOCAL-207-0,PASAPI - Patient Merge,password,${REDACTED_PASSWORD},11
Newmedica,Newmedica/PAS.xml,79666d06-1c95-4a94-a51e-ee1a74c07e31,PAS In LOCAL-207-0,PASAPI - Patient Referral,password,${REDACTED_PASSWORD},11
Newmedica,Newmedica/PAS.xml,79666d06-1c95-4a94-a51e-ee1a74c07e31,PAS In LOCAL-207-0,PASAPI - Secondary Patient,password,${REDACTED_PASSWORD},11
Newmedica,Newmedica/PAS.xml,79666d06-1c95-4a94-a51e-ee1a74c07e31,PAS In LOCAL-207-0,AppointmentAssigneeXML,sample_message_inbound,(blanked),884
Newmedica,Newmedica/PAS.xml,79666d06-1c95-4a94-a51e-ee1a74c07e31,PAS In LOCAL-207-0,DidNotAttendComment,sample_message_inbound,(blanked),884
Newmedica,Newmedica/PAS.xml,79666d06-1c95-4a94-a51e-ee1a74c07e31,PAS In LOCAL-207-0,GenerateSecondaryHospitalNumber,sample_message_inbound,(blanked),884
Newmedica,Newmedica/PAS.xml,44d1367a-e0fe-4154-b2a3-7128382cf845,PAS In LOCAL-208-0,Clinic List - DELETE,password,${REDACTED_PASSWORD},11
Newmedica,Newmedica/PAS.xml,44d1367a-e0fe-4154-b2a3-7128382cf845,PAS In LOCAL-208-0,Clinic List - DNA,password,${REDACTED_PASSWORD},11
Newmedica,Newmedica/PAS.xml,44d1367a-e0fe-4154-b2a3-7128382cf845,PAS In LOCAL-208-0,Clinic List - PUT,password,${REDACTED_PASSWORD},11
Newmedica,Newmedica/PAS.xml,44d1367a-e0fe-4154-b2a3-7128382cf845,PAS In LOCAL-208-0,PASAPI - Patient,password,${REDACTED_PASSWORD},11
Newmedica,Newmedica/PAS.xml,44d1367a-e0fe-4154-b2a3-7128382cf845,PAS In LOCAL-208-0,PASAPI - Patient Merge,password,${REDACTED_PASSWORD},11
Newmedica,Newmedica/PAS.xml,44d1367a-e0fe-4154-b2a3-7128382cf845,PAS In LOCAL-208-0,PASAPI - Patient Referral,password,${REDACTED_PASSWORD},11
Newmedica,Newmedica/PAS.xml,44d1367a-e0fe-4154-b2a3-7128382cf845,PAS In LOCAL-208-0,PASAPI - Secondary Patient,password,${REDACTED_PASSWORD},11
Newmedica,Newmedica/PAS.xml,44d1367a-e0fe-4154-b2a3-7128382cf845,PAS In LOCAL-208-0,AppointmentAssigneeXML,sample_message_inbound,(blanked),884
Newmedica,Newmedica/PAS.xml,44d1367a-e0fe-4154-b2a3-7128382cf845,PAS In LOCAL-208-0,DidNotAttendComment,sample_message_inbound,(blanked),884
Newmedica,Newmedica/PAS.xml,44d1367a-e0fe-4154-b2a3-7128382cf845,PAS In LOCAL-208-0,GenerateSecondaryHospitalNumber,sample_message_inbound,(blanked),884
Newmedica,Newmedica/PAS.xml,60ae6aac-a8d0-46fc-a873-ee4c65a3952e,PAS In LOCAL-209-0,Clinic List - DELETE,password,${REDACTED_PASSWORD},11
Newmedica,Newmedica/PAS.xml,60ae6aac-a8d0-46fc-a873-ee4c65a3952e,PAS In LOCAL-209-0,Clinic List - DNA,password,${REDACTED_PASSWORD},11
Newmedica,Newmedica/PAS.xml,60ae6aac-a8d0-46fc-a873-ee4c65a3952e,PAS In LOCAL-209-0,Clinic List - PUT,password,${REDACTED_PASSWORD},11
Newmedica,Newmedica/PAS.xml,60ae6aac-a8d0-46fc-a873-ee4c65a3952e,PAS In LOCAL-209-0,PASAPI - Patient,password,${REDACTED_PASSWORD},11
Newmedica,Newmedica/PAS.xml,60ae6aac-a8d0-46fc-a873-ee4c65a3952e,PAS In LOCAL-209-0,PASAPI - Patient Merge,password,${REDACTED_PASSWORD},11
Newmedica,Newmedica/PAS.xml,60ae6aac-a8d0-46fc-a873-ee4c65a3952e,PAS In LOCAL-209-0,PASAPI - Patient Referral,password,${REDACTED_PASSWORD},11
Newmedica,Newmedica/PAS.xml,60ae6aac-a8d0-46fc-a873-ee4c65a3952e,PAS In LOCAL-209-0,PASAPI - Secondary Patient,password,${REDACTED_PASSWORD},11
Newmedica,Newmedica/PAS.xml,60ae6aac-a8d0-46fc-a873-ee4c65a3952e,PAS In LOCAL-209-0,AppointmentAssigneeXML,sample_message_inbound,(blanked),884
Newmedica,Newmedica/PAS.xml,60ae6aac-a8d0-46fc-a873-ee4c65a3952e,PAS In LOCAL-209-0,DidNotAttendComment,sample_message_inbound,(blanked),884
Newmedica,Newmedica/PAS.xml,60ae6aac-a8d0-46fc-a873-ee4c65a3952e,PAS In LOCAL-209-0,GenerateSecondaryHospitalNumber,sample_message_inbound,(blanked),884
Newmedica,Newmedica/PAS.xml,008a3a87-4ffd-4b4d-b992-3364c6974183,PAS In LOCAL-210-0,Clinic List - DELETE,password,${REDACTED_PASSWORD},11
Newmedica,Newmedica/PAS.xml,008a3a87-4ffd-4b4d-b992-3364c6974183,PAS In LOCAL-210-0,Clinic List - DNA,password,${REDACTED_PASSWORD},11
Newmedica,Newmedica/PAS.xml,008a3a87-4ffd-4b4d-b992-3364c6974183,PAS In LOCAL-210-0,Clinic List - PUT,password,${REDACTED_PASSWORD},11
Newmedica,Newmedica/PAS.xml,008a3a87-4ffd-4b4d-b992-3364c6974183,PAS In LOCAL-210-0,PASAPI - Patient,password,${REDACTED_PASSWORD},11
Newmedica,Newmedica/PAS.xml,008a3a87-4ffd-4b4d-b992-3364c6974183,PAS In LOCAL-210-0,PASAPI - Patient Merge,password,${REDACTED_PASSWORD},11
Newmedica,Newmedica/PAS.xml,008a3a87-4ffd-4b4d-b992-3364c6974183,PAS In LOCAL-210-0,PASAPI - Patient Referral,password,${REDACTED_PASSWORD},11
Newmedica,Newmedica/PAS.xml,008a3a87-4ffd-4b4d-b992-3364c6974183,PAS In LOCAL-210-0,PASAPI - Secondary Patient,password,${REDACTED_PASSWORD},11
Newmedica,Newmedica/PAS.xml,008a3a87-4ffd-4b4d-b992-3364c6974183,PAS In LOCAL-210-0,AppointmentAssigneeXML,sample_message_inbound,(blanked),884
Newmedica,Newmedica/PAS.xml,008a3a87-4ffd-4b4d-b992-3364c6974183,PAS In LOCAL-210-0,DidNotAttendComment,sample_message_inbound,(blanked),884
Newmedica,Newmedica/PAS.xml,008a3a87-4ffd-4b4d-b992-3364c6974183,PAS In LOCAL-210-0,GenerateSecondaryHospitalNumber,sample_message_inbound,(blanked),884
Newmedica,Newmedica/PAS.xml,1013f884-3dfa-43d1-9ad2-96eb4024d3b1,PAS In LOCAL-211-0,Clinic List - DELETE,password,${REDACTED_PASSWORD},11
Newmedica,Newmedica/PAS.xml,1013f884-3dfa-43d1-9ad2-96eb4024d3b1,PAS In LOCAL-211-0,Clinic List - DNA,password,${REDACTED_PASSWORD},11
Newmedica,Newmedica/PAS.xml,1013f884-3dfa-43d1-9ad2-96eb4024d3b1,PAS In LOCAL-211-0,Clinic List - PUT,password,${REDACTED_PASSWORD},11
Newmedica,Newmedica/PAS.xml,1013f884-3dfa-43d1-9ad2-96eb4024d3b1,PAS In LOCAL-211-0,PASAPI - Patient,password,${REDACTED_PASSWORD},11
Newmedica,Newmedica/PAS.xml,1013f884-3dfa-43d1-9ad2-96eb4024d3b1,PAS In LOCAL-211-0,PASAPI - Patient Merge,password,${REDACTED_PASSWORD},11
Newmedica,Newmedica/PAS.xml,1013f884-3dfa-43d1-9ad2-96eb4024d3b1,PAS In LOCAL-211-0,PASAPI - Patient Referral,password,${REDACTED_PASSWORD},11
Newmedica,Newmedica/PAS.xml,1013f884-3dfa-43d1-9ad2-96eb4024d3b1,PAS In LOCAL-211-0,PASAPI - Secondary Patient,password,${REDACTED_PASSWORD},11
Newmedica,Newmedica/PAS.xml,1013f884-3dfa-43d1-9ad2-96eb4024d3b1,PAS In LOCAL-211-0,AppointmentAssigneeXML,sample_message_inbound,(blanked),884
Newmedica,Newmedica/PAS.xml,1013f884-3dfa-43d1-9ad2-96eb4024d3b1,PAS In LOCAL-211-0,DidNotAttendComment,sample_message_inbound,(blanked),884
Newmedica,Newmedica/PAS.xml,1013f884-3dfa-43d1-9ad2-96eb4024d3b1,PAS In LOCAL-211-0,GenerateSecondaryHospitalNumber,sample_message_inbound,(blanked),884
Newmedica,Newmedica/PAS.xml,1d89d5ec-49c2-4677-b8e7-43243e545bc7,PAS In LOCAL-212-0,Clinic List - DELETE,password,${REDACTED_PASSWORD},11
Newmedica,Newmedica/PAS.xml,1d89d5ec-49c2-4677-b8e7-43243e545bc7,PAS In LOCAL-212-0,Clinic List - DNA,password,${REDACTED_PASSWORD},11
Newmedica,Newmedica/PAS.xml,1d89d5ec-49c2-4677-b8e7-43243e545bc7,PAS In LOCAL-212-0,Clinic List - PUT,password,${REDACTED_PASSWORD},11
Newmedica,Newmedica/PAS.xml,1d89d5ec-49c2-4677-b8e7-43243e545bc7,PAS In LOCAL-212-0,PASAPI - Patient,password,${REDACTED_PASSWORD},11
Newmedica,Newmedica/PAS.xml,1d89d5ec-49c2-4677-b8e7-43243e545bc7,PAS In LOCAL-212-0,PASAPI - Patient Merge,password,${REDACTED_PASSWORD},11
Newmedica,Newmedica/PAS.xml,1d89d5ec-49c2-4677-b8e7-43243e545bc7,PAS In LOCAL-212-0,PASAPI - Patient Referral,password,${REDACTED_PASSWORD},11
Newmedica,Newmedica/PAS.xml,1d89d5ec-49c2-4677-b8e7-43243e545bc7,PAS In LOCAL-212-0,PASAPI - Secondary Patient,password,${REDACTED_PASSWORD},11
Newmedica,Newmedica/PAS.xml,1d89d5ec-49c2-4677-b8e7-43243e545bc7,PAS In LOCAL-212-0,AppointmentAssigneeXML,sample_message_inbound,(blanked),884
Newmedica,Newmedica/PAS.xml,1d89d5ec-49c2-4677-b8e7-43243e545bc7,PAS In LOCAL-212-0,DidNotAttendComment,sample_message_inbound,(blanked),884
Newmedica,Newmedica/PAS.xml,1d89d5ec-49c2-4677-b8e7-43243e545bc7,PAS In LOCAL-212-0,GenerateSecondaryHospitalNumber,sample_message_inbound,(blanked),884
Newmedica,Newmedica/PAS.xml,9924758f-6dd3-4556-8776-72084e8a4f12,PAS In LOCAL-213-0,Clinic List - DELETE,password,${REDACTED_PASSWORD},11
Newmedica,Newmedica/PAS.xml,9924758f-6dd3-4556-8776-72084e8a4f12,PAS In LOCAL-213-0,Clinic List - DNA,password,${REDACTED_PASSWORD},11
Newmedica,Newmedica/PAS.xml,9924758f-6dd3-4556-8776-72084e8a4f12,PAS In LOCAL-213-0,Clinic List - PUT,password,${REDACTED_PASSWORD},11
Newmedica,Newmedica/PAS.xml,9924758f-6dd3-4556-8776-72084e8a4f12,PAS In LOCAL-213-0,PASAPI - Patient,password,${REDACTED_PASSWORD},11
Newmedica,Newmedica/PAS.xml,9924758f-6dd3-4556-8776-72084e8a4f12,PAS In LOCAL-213-0,PASAPI - Patient Merge,password,${REDACTED_PASSWORD},11
Newmedica,Newmedica/PAS.xml,9924758f-6dd3-4556-8776-72084e8a4f12,PAS In LOCAL-213-0,PASAPI - Patient Referral,password,${REDACTED_PASSWORD},11
Newmedica,Newmedica/PAS.xml,9924758f-6dd3-4556-8776-72084e8a4f12,PAS In LOCAL-213-0,PASAPI - Secondary Patient,password,${REDACTED_PASSWORD},11
Newmedica,Newmedica/PAS.xml,9924758f-6dd3-4556-8776-72084e8a4f12,PAS In LOCAL-213-0,AppointmentAssigneeXML,sample_message_inbound,(blanked),884
Newmedica,Newmedica/PAS.xml,9924758f-6dd3-4556-8776-72084e8a4f12,PAS In LOCAL-213-0,DidNotAttendComment,sample_message_inbound,(blanked),884
Newmedica,Newmedica/PAS.xml,9924758f-6dd3-4556-8776-72084e8a4f12,PAS In LOCAL-213-0,GenerateSecondaryHospitalNumber,sample_message_inbound,(blanked),884
Newmedica,Newmedica/PAS.xml,0a330e7d-25b4-4588-b102-3dd780a130ed,PAS In LOCAL-214-0,Clinic List - DELETE,password,${REDACTED_PASSWORD},11
Newmedica,Newmedica/PAS.xml,0a330e7d-25b4-4588-b102-3dd780a130ed,PAS In LOCAL-214-0,Clinic List - DNA,password,${REDACTED_PASSWORD},11
Newmedica,Newmedica/PAS.xml,0a330e7d-25b4-4588-b102-3dd780a130ed,PAS In LOCAL-214-0,Clinic List - PUT,password,${REDACTED_PASSWORD},11
Newmedica,Newmedica/PAS.xml,0a330e7d-25b4-4588-b102-3dd780a130ed,PAS In LOCAL-214-0,PASAPI - Patient,password,${REDACTED_PASSWORD},11
Newmedica,Newmedica/PAS.xml,0a330e7d-25b4-4588-b102-3dd780a130ed,PAS In LOCAL-214-0,PASAPI - Patient Merge,password,${REDACTED_PASSWORD},11
Newmedica,Newmedica/PAS.xml,0a330e7d-25b4-4588-b102-3dd780a130ed,PAS In LOCAL-214-0,PASAPI - Patient Referral,password,${REDACTED_PASSWORD},11
Newmedica,Newmedica/PAS.xml,0a330e7d-25b4-4588-b102-3dd780a130ed,PAS In LOCAL-214-0,PASAPI - Secondary Patient,password,${REDACTED_PASSWORD},11
Newmedica,Newmedica/PAS.xml,0a330e7d-25b4-4588-b102-3dd780a130ed,PAS In LOCAL-214-0,AppointmentAssigneeXML,sample_message_inbound,(blanked),884
Newmedica,Newmedica/PAS.xml,0a330e7d-25b4-4588-b102-3dd780a130ed,PAS In LOCAL-214-0,DidNotAttendComment,sample_message_inbound,(blanked),884
Newmedica,Newmedica/PAS.xml,0a330e7d-25b4-4588-b102-3dd780a130ed,PAS In LOCAL-214-0,GenerateSecondaryHospitalNumber,sample_message_inbound,(blanked),884
Newmedica,Newmedica/PAS.xml,bc05215d-34c3-4486-a3ea-40134491d392,PAS In LOCAL-215-0,Clinic List - DELETE,password,${REDACTED_PASSWORD},11
Newmedica,Newmedica/PAS.xml,bc05215d-34c3-4486-a3ea-40134491d392,PAS In LOCAL-215-0,Clinic List - DNA,password,${REDACTED_PASSWORD},11
Newmedica,Newmedica/PAS.xml,bc05215d-34c3-4486-a3ea-40134491d392,PAS In LOCAL-215-0,Clinic List - PUT,password,${REDACTED_PASSWORD},11
Newmedica,Newmedica/PAS.xml,bc05215d-34c3-4486-a3ea-40134491d392,PAS In LOCAL-215-0,PASAPI - Patient,password,${REDACTED_PASSWORD},11
Newmedica,Newmedica/PAS.xml,bc05215d-34c3-4486-a3ea-40134491d392,PAS In LOCAL-215-0,PASAPI - Patient Merge,password,${REDACTED_PASSWORD},11
Newmedica,Newmedica/PAS.xml,bc05215d-34c3-4486-a3ea-40134491d392,PAS In LOCAL-215-0,PASAPI - Patient Referral,password,${REDACTED_PASSWORD},11
Newmedica,Newmedica/PAS.xml,bc05215d-34c3-4486-a3ea-40134491d392,PAS In LOCAL-215-0,PASAPI - Secondary Patient,password,${REDACTED_PASSWORD},11
Newmedica,Newmedica/PAS.xml,bc05215d-34c3-4486-a3ea-40134491d392,PAS In LOCAL-215-0,AppointmentAssigneeXML,sample_message_inbound,(blanked),884
Newmedica,Newmedica/PAS.xml,bc05215d-34c3-4486-a3ea-40134491d392,PAS In LOCAL-215-0,DidNotAttendComment,sample_message_inbound,(blanked),884
Newmedica,Newmedica/PAS.xml,bc05215d-34c3-4486-a3ea-40134491d392,PAS In LOCAL-215-0,GenerateSecondaryHospitalNumber,sample_message_inbound,(blanked),884
Newmedica,Newmedica/PAS.xml,3e4d1367-d4e0-4bed-9034-f21b50351583,PAS In LOCAL-216-0,Clinic List - DELETE,password,${REDACTED_PASSWORD},11
Newmedica,Newmedica/PAS.xml,3e4d1367-d4e0-4bed-9034-f21b50351583,PAS In LOCAL-216-0,Clinic List - DNA,password,${REDACTED_PASSWORD},11
Newmedica,Newmedica/PAS.xml,3e4d1367-d4e0-4bed-9034-f21b50351583,PAS In LOCAL-216-0,Clinic List - PUT,password,${REDACTED_PASSWORD},11
Newmedica,Newmedica/PAS.xml,3e4d1367-d4e0-4bed-9034-f21b50351583,PAS In LOCAL-216-0,PASAPI - Patient,password,${REDACTED_PASSWORD},11
Newmedica,Newmedica/PAS.xml,3e4d1367-d4e0-4bed-9034-f21b50351583,PAS In LOCAL-216-0,PASAPI - Patient Merge,password,${REDACTED_PASSWORD},11
Newmedica,Newmedica/PAS.xml,3e4d1367-d4e0-4bed-9034-f21b50351583,PAS In LOCAL-216-0,PASAPI - Patient Referral,password,${REDACTED_PASSWORD},11
Newmedica,Newmedica/PAS.xml,3e4d1367-d4e0-4bed-9034-f21b50351583,PAS In LOCAL-216-0,PASAPI - Secondary Patient,password,${REDACTED_PASSWORD},11
Newmedica,Newmedica/PAS.xml,3e4d1367-d4e0-4bed-9034-f21b50351583,PAS In LOCAL-216-0,AppointmentAssigneeXML,sample_message_inbound,(blanked),884
Newmedica,Newmedica/PAS.xml,3e4d1367-d4e0-4bed-9034-f21b50351583,PAS In LOCAL-216-0,DidNotAttendComment,sample_message_inbound,(blanked),884
Newmedica,Newmedica/PAS.xml,3e4d1367-d4e0-4bed-9034-f21b50351583,PAS In LOCAL-216-0,GenerateSecondaryHospitalNumber,sample_message_inbound,(blanked),884
Newmedica,Newmedica/PAS.xml,b53952c7-8d31-4f8f-8f7b-ce536a0b6c7e,PAS In LOCAL-217-0,Clinic List - DELETE,password,${REDACTED_PASSWORD},11
Newmedica,Newmedica/PAS.xml,b53952c7-8d31-4f8f-8f7b-ce536a0b6c7e,PAS In LOCAL-217-0,Clinic List - DNA,password,${REDACTED_PASSWORD},11
Newmedica,Newmedica/PAS.xml,b53952c7-8d31-4f8f-8f7b-ce536a0b6c7e,PAS In LOCAL-217-0,Clinic List - PUT,password,${REDACTED_PASSWORD},11
Newmedica,Newmedica/PAS.xml,b53952c7-8d31-4f8f-8f7b-ce536a0b6c7e,PAS In LOCAL-217-0,PASAPI - Patient,password,${REDACTED_PASSWORD},11
Newmedica,Newmedica/PAS.xml,b53952c7-8d31-4f8f-8f7b-ce536a0b6c7e,PAS In LOCAL-217-0,PASAPI - Patient Merge,password,${REDACTED_PASSWORD},11
Newmedica,Newmedica/PAS.xml,b53952c7-8d31-4f8f-8f7b-ce536a0b6c7e,PAS In LOCAL-217-0,PASAPI - Patient Referral,password,${REDACTED_PASSWORD},11
Newmedica,Newmedica/PAS.xml,b53952c7-8d31-4f8f-8f7b-ce536a0b6c7e,PAS In LOCAL-217-0,PASAPI - Secondary Patient,password,${REDACTED_PASSWORD},11
Newmedica,Newmedica/PAS.xml,b53952c7-8d31-4f8f-8f7b-ce536a0b6c7e,PAS In LOCAL-217-0,AppointmentAssigneeXML,sample_message_inbound,(blanked),884
Newmedica,Newmedica/PAS.xml,b53952c7-8d31-4f8f-8f7b-ce536a0b6c7e,PAS In LOCAL-217-0,DidNotAttendComment,sample_message_inbound,(blanked),884
Newmedica,Newmedica/PAS.xml,b53952c7-8d31-4f8f-8f7b-ce536a0b6c7e,PAS In LOCAL-217-0,GenerateSecondaryHospitalNumber,sample_message_inbound,(blanked),884
Newmedica,Newmedica/PAS.xml,566f5c0b-fa86-458a-8b6e-74593f0782af,PAS In LOCAL-218-0,Clinic List - DELETE,password,${REDACTED_PASSWORD},11
Newmedica,Newmedica/PAS.xml,566f5c0b-fa86-458a-8b6e-74593f0782af,PAS In LOCAL-218-0,Clinic List - DNA,password,${REDACTED_PASSWORD},11
Newmedica,Newmedica/PAS.xml,566f5c0b-fa86-458a-8b6e-74593f0782af,PAS In LOCAL-218-0,Clinic List - PUT,password,${REDACTED_PASSWORD},11
Newmedica,Newmedica/PAS.xml,566f5c0b-fa86-458a-8b6e-74593f0782af,PAS In LOCAL-218-0,PASAPI - Patient,password,${REDACTED_PASSWORD},11
Newmedica,Newmedica/PAS.xml,566f5c0b-fa86-458a-8b6e-74593f0782af,PAS In LOCAL-218-0,PASAPI - Patient Merge,password,${REDACTED_PASSWORD},11
Newmedica,Newmedica/PAS.xml,566f5c0b-fa86-458a-8b6e-74593f0782af,PAS In LOCAL-218-0,PASAPI - Patient Referral,password,${REDACTED_PASSWORD},11
Newmedica,Newmedica/PAS.xml,566f5c0b-fa86-458a-8b6e-74593f0782af,PAS In LOCAL-218-0,PASAPI - Secondary Patient,password,${REDACTED_PASSWORD},11
Newmedica,Newmedica/PAS.xml,566f5c0b-fa86-458a-8b6e-74593f0782af,PAS In LOCAL-218-0,AppointmentAssigneeXML,sample_message_inbound,(blanked),884
Newmedica,Newmedica/PAS.xml,566f5c0b-fa86-458a-8b6e-74593f0782af,PAS In LOCAL-218-0,DidNotAttendComment,sample_message_inbound,(blanked),884
Newmedica,Newmedica/PAS.xml,566f5c0b-fa86-458a-8b6e-74593f0782af,PAS In LOCAL-218-0,GenerateSecondaryHospitalNumber,sample_message_inbound,(blanked),884
Newmedica,Newmedica/PAS.xml,d7b58099-c50c-4a1a-8d67-a4d80d0a0ed9,PAS In LOCAL-219-0,Clinic List - DELETE,password,${REDACTED_PASSWORD},11
Newmedica,Newmedica/PAS.xml,d7b58099-c50c-4a1a-8d67-a4d80d0a0ed9,PAS In LOCAL-219-0,Clinic List - DNA,password,${REDACTED_PASSWORD},11
Newmedica,Newmedica/PAS.xml,d7b58099-c50c-4a1a-8d67-a4d80d0a0ed9,PAS In LOCAL-219-0,Clinic List - PUT,password,${REDACTED_PASSWORD},11
Newmedica,Newmedica/PAS.xml,d7b58099-c50c-4a1a-8d67-a4d80d0a0ed9,PAS In LOCAL-219-0,PASAPI - Patient,password,${REDACTED_PASSWORD},11
Newmedica,Newmedica/PAS.xml,d7b58099-c50c-4a1a-8d67-a4d80d0a0ed9,PAS In LOCAL-219-0,PASAPI - Patient Merge,password,${REDACTED_PASSWORD},11
Newmedica,Newmedica/PAS.xml,d7b58099-c50c-4a1a-8d67-a4d80d0a0ed9,PAS In LOCAL-219-0,PASAPI - Patient Referral,password,${REDACTED_PASSWORD},11
Newmedica,Newmedica/PAS.xml,d7b58099-c50c-4a1a-8d67-a4d80d0a0ed9,PAS In LOCAL-219-0,PASAPI - Secondary Patient,password,${REDACTED_PASSWORD},11
Newmedica,Newmedica/PAS.xml,d7b58099-c50c-4a1a-8d67-a4d80d0a0ed9,PAS In LOCAL-219-0,AppointmentAssigneeXML,sample_message_inbound,(blanked),884
Newmedica,Newmedica/PAS.xml,d7b58099-c50c-4a1a-8d67-a4d80d0a0ed9,PAS In LOCAL-219-0,DidNotAttendComment,sample_message_inbound,(blanked),884
Newmedica,Newmedica/PAS.xml,d7b58099-c50c-4a1a-8d67-a4d80d0a0ed9,PAS In LOCAL-219-0,GenerateSecondaryHospitalNumber,sample_message_inbound,(blanked),884
Newmedica,Newmedica/PAS.xml,f80bfe7c-e2f9-4560-9b08-80460de6fb31,PAS In LOCAL-221-0,Clinic List - DELETE,password,${REDACTED_PASSWORD},11
Newmedica,Newmedica/PAS.xml,f80bfe7c-e2f9-4560-9b08-80460de6fb31,PAS In LOCAL-221-0,Clinic List - DNA,password,${REDACTED_PASSWORD},11
Newmedica,Newmedica/PAS.xml,f80bfe7c-e2f9-4560-9b08-80460de6fb31,PAS In LOCAL-221-0,Clinic List - PUT,password,${REDACTED_PASSWORD},11
Newmedica,Newmedica/PAS.xml,f80bfe7c-e2f9-4560-9b08-80460de6fb31,PAS In LOCAL-221-0,PASAPI - Patient,password,${REDACTED_PASSWORD},11
Newmedica,Newmedica/PAS.xml,f80bfe7c-e2f9-4560-9b08-80460de6fb31,PAS In LOCAL-221-0,PASAPI - Patient Merge,password,${REDACTED_PASSWORD},11
Newmedica,Newmedica/PAS.xml,f80bfe7c-e2f9-4560-9b08-80460de6fb31,PAS In LOCAL-221-0,PASAPI - Patient Referral,password,${REDACTED_PASSWORD},11
Newmedica,Newmedica/PAS.xml,f80bfe7c-e2f9-4560-9b08-80460de6fb31,PAS In LOCAL-221-0,PASAPI - Secondary Patient,password,${REDACTED_PASSWORD},11
Newmedica,Newmedica/PAS.xml,f80bfe7c-e2f9-4560-9b08-80460de6fb31,PAS In LOCAL-221-0,AppointmentAssigneeXML,sample_message_inbound,(blanked),884
Newmedica,Newmedica/PAS.xml,f80bfe7c-e2f9-4560-9b08-80460de6fb31,PAS In LOCAL-221-0,DidNotAttendComment,sample_message_inbound,(blanked),884
Newmedica,Newmedica/PAS.xml,f80bfe7c-e2f9-4560-9b08-80460de6fb31,PAS In LOCAL-221-0,GenerateSecondaryHospitalNumber,sample_message_inbound,(blanked),884
Newmedica,Newmedica/PAS.xml,33b1c017-edf4-4feb-81b8-e59eb1f63f09,PAS In LOCAL-222-0,Clinic List - DELETE,password,${REDACTED_PASSWORD},11
Newmedica,Newmedica/PAS.xml,33b1c017-edf4-4feb-81b8-e59eb1f63f09,PAS In LOCAL-222-0,Clinic List - DNA,password,${REDACTED_PASSWORD},11
Newmedica,Newmedica/PAS.xml,33b1c017-edf4-4feb-81b8-e59eb1f63f09,PAS In LOCAL-222-0,Clinic List - PUT,password,${REDACTED_PASSWORD},11
Newmedica,Newmedica/PAS.xml,33b1c017-edf4-4feb-81b8-e59eb1f63f09,PAS In LOCAL-222-0,PASAPI - Patient,password,${REDACTED_PASSWORD},11
Newmedica,Newmedica/PAS.xml,33b1c017-edf4-4feb-81b8-e59eb1f63f09,PAS In LOCAL-222-0,PASAPI - Patient Merge,password,${REDACTED_PASSWORD},11
Newmedica,Newmedica/PAS.xml,33b1c017-edf4-4feb-81b8-e59eb1f63f09,PAS In LOCAL-222-0,PASAPI - Patient Referral,password,${REDACTED_PASSWORD},11
Newmedica,Newmedica/PAS.xml,33b1c017-edf4-4feb-81b8-e59eb1f63f09,PAS In LOCAL-222-0,PASAPI - Secondary Patient,password,${REDACTED_PASSWORD},11
Newmedica,Newmedica/PAS.xml,33b1c017-edf4-4feb-81b8-e59eb1f63f09,PAS In LOCAL-222-0,AppointmentAssigneeXML,sample_message_inbound,(blanked),884
Newmedica,Newmedica/PAS.xml,33b1c017-edf4-4feb-81b8-e59eb1f63f09,PAS In LOCAL-222-0,DidNotAttendComment,sample_message_inbound,(blanked),884
Newmedica,Newmedica/PAS.xml,33b1c017-edf4-4feb-81b8-e59eb1f63f09,PAS In LOCAL-222-0,GenerateSecondaryHospitalNumber,sample_message_inbound,(blanked),884
Newmedica,Newmedica/PAS.xml,81982f7b-ec91-42a8-a5ed-8352265f2e17,PAS In LOCAL-223-0,Clinic List - DELETE,password,${REDACTED_PASSWORD},11
Newmedica,Newmedica/PAS.xml,81982f7b-ec91-42a8-a5ed-8352265f2e17,PAS In LOCAL-223-0,Clinic List - DNA,password,${REDACTED_PASSWORD},11
Newmedica,Newmedica/PAS.xml,81982f7b-ec91-42a8-a5ed-8352265f2e17,PAS In LOCAL-223-0,Clinic List - PUT,password,${REDACTED_PASSWORD},11
Newmedica,Newmedica/PAS.xml,81982f7b-ec91-42a8-a5ed-8352265f2e17,PAS In LOCAL-223-0,PASAPI - Patient,password,${REDACTED_PASSWORD},11
Newmedica,Newmedica/PAS.xml,81982f7b-ec91-42a8-a5ed-8352265f2e17,PAS In LOCAL-223-0,PASAPI - Patient Merge,password,${REDACTED_PASSWORD},11
Newmedica,Newmedica/PAS.xml,81982f7b-ec91-42a8-a5ed-8352265f2e17,PAS In LOCAL-223-0,PASAPI - Patient Referral,password,${REDACTED_PASSWORD},11
Newmedica,Newmedica/PAS.xml,81982f7b-ec91-42a8-a5ed-8352265f2e17,PAS In LOCAL-223-0,PASAPI - Secondary Patient,password,${REDACTED_PASSWORD},11
Newmedica,Newmedica/PAS.xml,81982f7b-ec91-42a8-a5ed-8352265f2e17,PAS In LOCAL-223-0,AppointmentAssigneeXML,sample_message_inbound,(blanked),884
Newmedica,Newmedica/PAS.xml,81982f7b-ec91-42a8-a5ed-8352265f2e17,PAS In LOCAL-223-0,DidNotAttendComment,sample_message_inbound,(blanked),884
Newmedica,Newmedica/PAS.xml,81982f7b-ec91-42a8-a5ed-8352265f2e17,PAS In LOCAL-223-0,GenerateSecondaryHospitalNumber,sample_message_inbound,(blanked),884
Optegra,Optegra/Default Group.xml,1208a953-4fe1-457a-85b3-f17f56a5b1c1,DOCUMENTS IN,Send Document,password,${REDACTED_PASSWORD},11
Optegra,Optegra/Default Group.xml,1208a953-4fe1-457a-85b3-f17f56a5b1c1,DOCUMENTS IN,MimeType,sample_message_inbound,(blanked),884
Optegra,Optegra/Default Group.xml,04524f4d-5201-4c16-b66f-26c3d7783d85,Docman,Destination 1,password,${REDACTED_PASSWORD},11
Optegra,Optegra/Default Group.xml,04524f4d-5201-4c16-b66f-26c3d7783d85,Docman,sourceConnector,password,${REDACTED_PASSWORD},11
Optegra,Optegra/Default Group.xml,04524f4d-5201-4c16-b66f-26c3d7783d85,Docman,Destination 1,username,${REDACTED_USERNAME},15
Optegra,Optegra/Default Group.xml,1a5ecbc6-de5e-4bb1-bb23-fad5d2c25488,Document Migration,Create,password,${REDACTED_PASSWORD},11
Optegra,Optegra/Default Group.xml,1a5ecbc6-de5e-4bb1-bb23-fad5d2c25488,Document Migration,Search,password,${REDACTED_PASSWORD},11
Optegra,Optegra/Default Group.xml,1a5ecbc6-de5e-4bb1-bb23-fad5d2c25488,Document Migration,Update,password,${REDACTED_PASSWORD},11
Optegra,Optegra/Default Group.xml,1a5ecbc6-de5e-4bb1-bb23-fad5d2c25488,Document Migration,sourceConnector,password,${REDACTED_PASSWORD},11
Optegra,Optegra/Default Group.xml,1a5ecbc6-de5e-4bb1-bb23-fad5d2c25488,Document Migration,Search,sample_message_outbound,(blanked),448
Optegra,Optegra/Dicom.xml,81492d92-15a9-4109-8b65-9d95aa131200,HFA2,PayloadProcessor API Send,password,${REDACTED_PASSWORD},11
Optegra,Optegra/Dicom.xml,81492d92-15a9-4109-8b65-9d95aa131200,HFA2,Write out file to IolMasterImport incoming folder when device is a Zeiss IOLMaster,password,${REDACTED_PASSWORD},11
Optegra,Optegra/Dicom.xml,c14efd23-2c1c-4e53-a59f-dcfe0e727c3b,IOL,PayloadProcessor API Send,password,${REDACTED_PASSWORD},11
Optegra,Optegra/Dicom.xml,c14efd23-2c1c-4e53-a59f-dcfe0e727c3b,IOL,Write out file to IolMasterImport incoming folder when device is a Zeiss IOLMaster,password,${REDACTED_PASSWORD},11
Optegra,Optegra/PAS.xml,d69815ee-68d1-4dcb-8896-8b12ba06a9c4,PAS IN V2,Clinic List - DELETE,password,${REDACTED_PASSWORD},11
Optegra,Optegra/PAS.xml,d69815ee-68d1-4dcb-8896-8b12ba06a9c4,PAS IN V2,Clinic List - PUT,password,${REDACTED_PASSWORD},11
Optegra,Optegra/PAS.xml,d69815ee-68d1-4dcb-8896-8b12ba06a9c4,PAS IN V2,PASAPI - Patient,password,${REDACTED_PASSWORD},11
Optegra,Optegra/PAS.xml,d69815ee-68d1-4dcb-8896-8b12ba06a9c4,PAS IN V2,PASAPI - Patient Merge,password,${REDACTED_PASSWORD},11
Optegra,Optegra/PAS.xml,d69815ee-68d1-4dcb-8896-8b12ba06a9c4,PAS IN V2,PASAPI - Secondary Patient,password,${REDACTED_PASSWORD},11
Optegra,Optegra/PAS.xml,d69815ee-68d1-4dcb-8896-8b12ba06a9c4,PAS IN V2,AdmitSource,sample_message_inbound,(blanked),884
Optegra,Optegra/PAS.xml,d69815ee-68d1-4dcb-8896-8b12ba06a9c4,PAS IN V2,GenerateSecondaryHospitalNumber,sample_message_inbound,(blanked),884
Pennine,Pennine/DICOM.xml,ba5419a3-24a5-48a2-bd9b-5cb2072e87f4,OpenEyes DICOM Channel,Destination 1,password,${REDACTED_PASSWORD},11
Pennine,Pennine/DICOM.xml,eee5caa4-786f-451b-9a89-f00aeb46f935,OpenEyes DICOM IOLMaster Channel,Destination 1,password,${REDACTED_PASSWORD},11
Pennine,Pennine/DICOM.xml,eee5caa4-786f-451b-9a89-f00aeb46f935,OpenEyes DICOM IOLMaster Channel,Destination 2,password,${REDACTED_PASSWORD},11
Pennine,Pennine/Default Group.xml,da67d2ba-db52-4f50-898b-b534d71450ab,DICOM_11118,PayloadProcessor API Send,password,${REDACTED_PASSWORD},11
Pennine,Pennine/Default Group.xml,da67d2ba-db52-4f50-898b-b534d71450ab,DICOM_11118,Write out file to IolMasterImport incoming folder when device is a Zeiss IOLMaster,password,${REDACTED_PASSWORD},11
Pennine,Pennine/Default Group.xml,2d01d348-a78d-42b7-a206-410d30a2ff8b,DICOM_11119,PayloadProcessor API Send,password,${REDACTED_PASSWORD},11
Pennine,Pennine/Default Group.xml,2d01d348-a78d-42b7-a206-410d30a2ff8b,DICOM_11119,Write out file to IolMasterImport incoming folder when device is a Zeiss IOLMaster,password,${REDACTED_PASSWORD},11
Pennine,Pennine/PAS.xml,6c3a10d1-968d-468e-9355-008946825b20,OpenEyes PAS,Clinic List - DELETE,password,${REDACTED_PASSWORD},11
Pennine,Pennine/PAS.xml,6c3a10d1-968d-468e-9355-008946825b20,OpenEyes PAS,Clinic List - PUT,password,${REDACTED_PASSWORD},11
Pennine,Pennine/PAS.xml,6c3a10d1-968d-468e-9355-008946825b20,OpenEyes PAS,PASAPI - Patient,password,${REDACTED_PASSWORD},11
Pennine,Pennine/PAS.xml,6c3a10d1-968d-468e-9355-008946825b20,OpenEyes PAS,PartialRecord,sample_message_inbound,(blanked),884
Pennine,Pennine/PAS.xml,06f0b8b8-5ea0-41a4-a0bc-04b89fb5193c,OpenEyes PAS Query,Set hosnum parameter,sample_message_inbound,(blanked),792
Pennine,Pennine/PAS.xml,06f0b8b8-5ea0-41a4-a0bc-04b89fb5193c,OpenEyes PAS Query,Set hosnum parameter,sample_message_outbound,(blanked),148
Portsmouth,Portsmouth/Default Group.xml,da67d2ba-db52-4f50-898b-b534d71450ab,DICOM,PayloadProcessor API Send,password,${REDACTED_PASSWORD},11
Portsmouth,Portsmouth/Default Group.xml,da67d2ba-db52-4f50-898b-b534d71450ab,DICOM,Write out file to IolMasterImport incoming folder when device is a Zeiss IOLMaster,password,${REDACTED_PASSWORD},11
Portsmouth,Portsmouth/Default Group.xml,29925e07-6c04-4dda-99f0-125c09824f97,DOCUMENT-OUT-Drop,Destination 1,password,${REDACTED_PASSWORD},11
Portsmouth,Portsmouth/Default Group.xml,29925e07-6c04-4dda-99f0-125c09824f97,DOCUMENT-OUT-Drop,sourceConnector,password,${REDACTED_PASSWORD},11
Portsmouth,Portsmouth/Default Group.xml,29925e07-6c04-4dda-99f0-125c09824f97,DOCUMENT-OUT-Drop,Destination 1,username,${REDACTED_USERNAME},22
Portsmouth,Portsmouth/Default Group.xml,04524f4d-5201-4c16-b66f-26c3d7783d85,DOCUMENT-OUT-Minestrone,Destination 1,password,${REDACTED_PASSWORD},11
Portsmouth,Portsmouth/Default Group.xml,04524f4d-5201-4c16-b66f-26c3d7783d85,DOCUMENT-OUT-Minestrone,sourceConnector,password,${REDACTED_PASSWORD},11
Portsmouth,Portsmouth/Default Group.xml,04524f4d-5201-4c16-b66f-26c3d7783d85,DOCUMENT-OUT-Minestrone,Destination 1,username,${REDACTED_USERNAME},22
Portsmouth,Portsmouth/Default Group.xml,402e6dfd-1747-477f-8f75-7f4da2c97bc8,DOCUMENTS IN HL7,Send Document,password,${REDACTED_PASSWORD},11
Portsmouth,Portsmouth/Default Group.xml,402e6dfd-1747-477f-8f75-7f4da2c97bc8,DOCUMENTS IN HL7,MimeType,sample_message_inbound,(blanked),884
Portsmouth,Portsmouth/Default Group.xml,f703f9cd-a6ee-42e6-8550-c6a9c3fb1c73,General Documents IN,Patient Search,password,${REDACTED_PASSWORD},11
Portsmouth,Portsmouth/Default Group.xml,f703f9cd-a6ee-42e6-8550-c6a9c3fb1c73,General Documents IN,PayloadProcessor API Send,password,${REDACTED_PASSWORD},11
Portsmouth,Portsmouth/Default Group.xml,f703f9cd-a6ee-42e6-8550-c6a9c3fb1c73,General Documents IN,sourceConnector,password,${REDACTED_PASSWORD},11
Portsmouth,Portsmouth/Default Group.xml,f703f9cd-a6ee-42e6-8550-c6a9c3fb1c73,General Documents IN,Patient Search,sample_message_inbound,(blanked),884
Portsmouth,Portsmouth/Default Group.xml,f703f9cd-a6ee-42e6-8550-c6a9c3fb1c73,General Documents IN,PayloadProcessor API Send,sample_message_outbound,(blanked),448
Portsmouth,Portsmouth/Default Group.xml,f703f9cd-a6ee-42e6-8550-c6a9c3fb1c73,General Documents IN,sourceConnector,username,${REDACTED_USERNAME},22
Portsmouth,Portsmouth/Default Group.xml,70aa29b6-b425-427a-93d8-a82cb4e65edf,IOL Documents IN,Patient Search,password,${REDACTED_PASSWORD},11
Portsmouth,Portsmouth/Default Group.xml,70aa29b6-b425-427a-93d8-a82cb4e65edf,IOL Documents IN,PayloadProcessor API Send,password,${REDACTED_PASSWORD},11
Portsmouth,Portsmouth/Default Group.xml,70aa29b6-b425-427a-93d8-a82cb4e65edf,IOL Documents IN,sourceConnector,password,${REDACTED_PASSWORD},11
Portsmouth,Portsmouth/Default Group.xml,70aa29b6-b425-427a-93d8-a82cb4e65edf,IOL Documents IN,Patient Search,sample_message_inbound,(blanked),884
Portsmouth,Portsmouth/Default Group.xml,70aa29b6-b425-427a-93d8-a82cb4e65edf,IOL Documents IN,PayloadProcessor API Send,sample_message_outbound,(blanked),448
Portsmouth,Portsmouth/Default Group.xml,70aa29b6-b425-427a-93d8-a82cb4e65edf,IOL Documents IN,sourceConnector,username,${REDACTED_USERNAME},22
Portsmouth,Portsmouth/Default Group.xml,3493b21f-fe49-482f-8614-2bb95bf1d799,Migration Documents IN,PatientSearch,password,${REDACTED_PASSWORD},11
Portsmouth,Portsmouth/Default Group.xml,3493b21f-fe49-482f-8614-2bb95bf1d799,Migration Documents IN,PayloadProcessor API Send,password,${REDACTED_PASSWORD},11
Portsmouth,Portsmouth/Default Group.xml,3493b21f-fe49-482f-8614-2bb95bf1d799,Migration Documents IN,sourceConnector,password,${REDACTED_PASSWORD},11
Portsmouth,Portsmouth/Default Group.xml,3493b21f-fe49-482f-8614-2bb95bf1d799,Migration Documents IN,PayloadProcessor API Send,sample_message_outbound,(blanked),448
Portsmouth,Portsmouth/Default Group.xml,3493b21f-fe49-482f-8614-2bb95bf1d799,Migration Documents IN,sourceConnector,username,${REDACTED_USERNAME},22
Portsmouth,Portsmouth/Default Group.xml,d69815ee-68d1-4dcb-8896-8b12ba06a9c4,PAS IN V2,Clinic List - DELETE,password,${REDACTED_PASSWORD},11
Portsmouth,Portsmouth/Default Group.xml,d69815ee-68d1-4dcb-8896-8b12ba06a9c4,PAS IN V2,Clinic List - PUT,password,${REDACTED_PASSWORD},11
Portsmouth,Portsmouth/Default Group.xml,d69815ee-68d1-4dcb-8896-8b12ba06a9c4,PAS IN V2,PASAPI - Patient,password,${REDACTED_PASSWORD},11
Portsmouth,Portsmouth/Default Group.xml,d69815ee-68d1-4dcb-8896-8b12ba06a9c4,PAS IN V2,PASAPI - Patient Merge,password,${REDACTED_PASSWORD},11
Portsmouth,Portsmouth/Default Group.xml,d69815ee-68d1-4dcb-8896-8b12ba06a9c4,PAS IN V2,PASAPI - Secondary Patient,password,${REDACTED_PASSWORD},11
Portsmouth,Portsmouth/Default Group.xml,d69815ee-68d1-4dcb-8896-8b12ba06a9c4,PAS IN V2,AdmitSource,sample_message_inbound,(blanked),884
Portsmouth,Portsmouth/Default Group.xml,d69815ee-68d1-4dcb-8896-8b12ba06a9c4,PAS IN V2,GenerateSecondaryHospitalNumber,sample_message_inbound,(blanked),884
Portsmouth,Portsmouth/Default Group.xml,06f0b8b8-5ea0-41a4-a0bc-04b89fb5193c,PAS OUT,Set hosnum parameter,sample_message_inbound,(blanked),792
Portsmouth,Portsmouth/Default Group.xml,06f0b8b8-5ea0-41a4-a0bc-04b89fb5193c,PAS OUT,Set hosnum parameter,sample_message_outbound,(blanked),236
Sussex,Sussex/Default Group.xml,c14efd23-2c1c-4e53-a59f-dcfe0e727c3b,DICOM,PayloadProcessor API Send,password,${REDACTED_PASSWORD},11
Sussex,Sussex/Default Group.xml,c14efd23-2c1c-4e53-a59f-dcfe0e727c3b,DICOM,Write out file to IolMasterImport incoming folder when device is a Zeiss IOLMaster,password,${REDACTED_PASSWORD},11
Sussex,Sussex/Default Group.xml,375fe7b2-d55c-4c60-b66f-dc2000c8ea95,Document Delivery,SFTP,password,${REDACTED_PASSWORD},11
Sussex,Sussex/Default Group.xml,375fe7b2-d55c-4c60-b66f-dc2000c8ea95,Document Delivery,sourceConnector,password,${REDACTED_PASSWORD},11
Sussex,Sussex/Default Group.xml,375fe7b2-d55c-4c60-b66f-dc2000c8ea95,Document Delivery,SFTP,sample_message_outbound,(blanked),364
Sussex,Sussex/Default Group.xml,375fe7b2-d55c-4c60-b66f-dc2000c8ea95,Document Delivery,SFTP,username,${REDACTED_USERNAME},16
Sussex,Sussex/Default Group.xml,d69815ee-68d1-4dcb-8896-8b12ba06a9c4,PAS IN,Clinic List - DELETE,password,${REDACTED_PASSWORD},11
Sussex,Sussex/Default Group.xml,d69815ee-68d1-4dcb-8896-8b12ba06a9c4,PAS IN,Clinic List - PUT,password,${REDACTED_PASSWORD},11
Sussex,Sussex/Default Group.xml,d69815ee-68d1-4dcb-8896-8b12ba06a9c4,PAS IN,PASAPI - Patient,password,${REDACTED_PASSWORD},11
Sussex,Sussex/Default Group.xml,d69815ee-68d1-4dcb-8896-8b12ba06a9c4,PAS IN,PASAPI - Patient Merge,password,${REDACTED_PASSWORD},11
Sussex,Sussex/Default Group.xml,d69815ee-68d1-4dcb-8896-8b12ba06a9c4,PAS IN,PASAPI - Secondary Patient,password,${REDACTED_PASSWORD},11
Sussex,Sussex/Default Group.xml,d69815ee-68d1-4dcb-8896-8b12ba06a9c4,PAS IN,AdmitSource,sample_message_inbound,(blanked),884
Sussex,Sussex/Default Group.xml,d69815ee-68d1-4dcb-8896-8b12ba06a9c4,PAS IN,GenerateSecondaryHospitalNumber,sample_message_inbound,(blanked),884
Sussex,Sussex/Default Group.xml,6b9477af-6106-41b7-bd2e-3273c1c9b2d3,PAS IN - Migration,Clinic List - DELETE,password,${REDACTED_PASSWORD},11
Sussex,Sussex/Default Group.xml,6b9477af-6106-41b7-bd2e-3273c1c9b2d3,PAS IN - Migration,Clinic List - PUT,password,${REDACTED_PASSWORD},11
Sussex,Sussex/Default Group.xml,6b9477af-6106-41b7-bd2e-3273c1c9b2d3,PAS IN - Migration,PASAPI - Patient,password,${REDACTED_PASSWORD},11
Sussex,Sussex/Default Group.xml,6b9477af-6106-41b7-bd2e-3273c1c9b2d3,PAS IN - Migration,PASAPI - Patient Merge,password,${REDACTED_PASSWORD},11
Sussex,Sussex/Default Group.xml,6b9477af-6106-41b7-bd2e-3273c1c9b2d3,PAS IN - Migration,PASAPI - Secondary Patient,password,${REDACTED_PASSWORD},11
Sussex,Sussex/Default Group.xml,6b9477af-6106-41b7-bd2e-3273c1c9b2d3,PAS IN - Migration,AdmitSource,sample_message_inbound,(blanked),884
Sussex,Sussex/Default Group.xml,6b9477af-6106-41b7-bd2e-3273c1c9b2d3,PAS IN - Migration,GenerateSecondaryHospitalNumber,sample_message_inbound,(blanked),884
Sussex,Sussex/Default Group.xml,06f0b8b8-5ea0-41a4-a0bc-04b89fb5193c,PAS OUT,Set hosnum parameter,sample_message_inbound,(blanked),792
Sussex,Sussex/Default Group.xml,06f0b8b8-5ea0-41a4-a0bc-04b89fb5193c,PAS OUT,Set hosnum parameter,sample_message_outbound,(blanked),236
Wales,Wales/DICOM.xml,da67d2ba-db52-4f50-898b-b534d71450ab,DICOM,PayloadProcessor API Send,password,${REDACTED_PASSWORD},11
Wales,Wales/DICOM.xml,da67d2ba-db52-4f50-898b-b534d71450ab,DICOM,Write out file to IolMasterImport incoming folder when device is a Zeiss IOLMaster,password,${REDACTED_PASSWORD},11
Wales,Wales/OpenEyes Query - ABUHB.xml,2e678abc-78ba-4220-93d3-846f765fd8dd,OpenEyes Query - ABUHB,Send Q21,password,${REDACTED_PASSWORD},11
Wales,Wales/OpenEyes Query - ABUHB.xml,2e678abc-78ba-4220-93d3-846f765fd8dd,OpenEyes Query - ABUHB,Set dob parameter,sample_message_inbound,(blanked),1100
Wales,Wales/OpenEyes Query - ABUHB.xml,2e678abc-78ba-4220-93d3-846f765fd8dd,OpenEyes Query - ABUHB,Set dob parameter,sample_message_outbound,(blanked),232
Wales,Wales/OpenEyes Query - BCUHB - Central.xml,3b655b56-5d80-403e-a61e-97c3abf919a4,OpenEyes Query - BCUHB - Central,Send Q21,password,${REDACTED_PASSWORD},11
Wales,Wales/OpenEyes Query - BCUHB - Central.xml,3b655b56-5d80-403e-a61e-97c3abf919a4,OpenEyes Query - BCUHB - Central,Set dob parameter,sample_message_inbound,(blanked),1100
Wales,Wales/OpenEyes Query - BCUHB - Central.xml,3b655b56-5d80-403e-a61e-97c3abf919a4,OpenEyes Query - BCUHB - Central,Set dob parameter,sample_message_outbound,(blanked),232
Wales,Wales/OpenEyes Query - BCUHB - West.xml,dbb9ec40-fc78-4f3c-82b6-552838ffe1d4,OpenEyes Query - BCUHB - West,Send Q21,password,${REDACTED_PASSWORD},11
Wales,Wales/OpenEyes Query - BCUHB - West.xml,dbb9ec40-fc78-4f3c-82b6-552838ffe1d4,OpenEyes Query - BCUHB - West,Set dob parameter,sample_message_inbound,(blanked),1100
Wales,Wales/OpenEyes Query - BCUHB - West.xml,dbb9ec40-fc78-4f3c-82b6-552838ffe1d4,OpenEyes Query - BCUHB - West,Set dob parameter,sample_message_outbound,(blanked),232
Wales,Wales/OpenEyes Query - CTMUHB.xml,0fa224a7-fe33-46ae-af0e-96d0ffd134c3,OpenEyes Query - CTMUHB,Send Q21,password,${REDACTED_PASSWORD},11
Wales,Wales/OpenEyes Query - CTMUHB.xml,0fa224a7-fe33-46ae-af0e-96d0ffd134c3,OpenEyes Query - CTMUHB,Set dob parameter,sample_message_inbound,(blanked),1100
Wales,Wales/OpenEyes Query - CTMUHB.xml,0fa224a7-fe33-46ae-af0e-96d0ffd134c3,OpenEyes Query - CTMUHB,Set dob parameter,sample_message_outbound,(blanked),232
Wales,Wales/OpenEyes Query - CVUHB.xml,9b5a6e96-dfbf-4a1d-b29b-59ccb6c3505d,OpenEyes Query - CVUHB,Send Q21,password,${REDACTED_PASSWORD},11
Wales,Wales/OpenEyes Query - CVUHB.xml,9b5a6e96-dfbf-4a1d-b29b-59ccb6c3505d,OpenEyes Query - CVUHB,Set dob parameter,sample_message_inbound,(blanked),1100
Wales,Wales/OpenEyes Query - CVUHB.xml,9b5a6e96-dfbf-4a1d-b29b-59ccb6c3505d,OpenEyes Query - CVUHB,Set dob parameter,sample_message_outbound,(blanked),232
Wales,Wales/OpenEyes Query - HDUHB.xml,dcf60125-aa97-45b9-a819-d54008394dea,OpenEyes Query - HDUHB,Send Q21,password,${REDACTED_PASSWORD},11
Wales,Wales/OpenEyes Query - HDUHB.xml,dcf60125-aa97-45b9-a819-d54008394dea,OpenEyes Query - HDUHB,Set dob parameter,sample_message_inbound,(blanked),1100
Wales,Wales/OpenEyes Query - HDUHB.xml,dcf60125-aa97-45b9-a819-d54008394dea,OpenEyes Query - HDUHB,Set dob parameter,sample_message_outbound,(blanked),232
Wales,Wales/OpenEyes Query - PTHB.xml,e29c8a88-35df-4bbd-89b2-864153cfb42d,OpenEyes Query - PTHB,Send Q21,password,${REDACTED_PASSWORD},11
Wales,Wales/OpenEyes Query - PTHB.xml,e29c8a88-35df-4bbd-89b2-864153cfb42d,OpenEyes Query - PTHB,Set dob parameter,sample_message_inbound,(blanked),1100
Wales,Wales/OpenEyes Query - PTHB.xml,e29c8a88-35df-4bbd-89b2-864153cfb42d,OpenEyes Query - PTHB,Set dob parameter,sample_message_outbound,(blanked),232
Wales,Wales/OpenEyes Query - SBUHB.xml,0e97b0f7-75db-41c8-b287-b4c0b574608b,OpenEyes Query - SBUHB,Send Q21,password,${REDACTED_PASSWORD},11
Wales,Wales/OpenEyes Query - SBUHB.xml,0e97b0f7-75db-41c8-b287-b4c0b574608b,OpenEyes Query - SBUHB,Set dob parameter,sample_message_inbound,(blanked),1100
Wales,Wales/OpenEyes Query - SBUHB.xml,0e97b0f7-75db-41c8-b287-b4c0b574608b,OpenEyes Query - SBUHB,Set dob parameter,sample_message_outbound,(blanked),232
Wales,Wales/PAS IN.xml,7a7288a3-5ade-46bc-921d-56baf0a6bf06,PAS IN,Clinic List - DELETE,password,${REDACTED_PASSWORD},11
Wales,Wales/PAS IN.xml,7a7288a3-5ade-46bc-921d-56baf0a6bf06,PAS IN,Clinic List - PUT,password,${REDACTED_PASSWORD},11
Wales,Wales/PAS IN.xml,7a7288a3-5ade-46bc-921d-56baf0a6bf06,PAS IN,PASAPI - Patient,password,${REDACTED_PASSWORD},11
Wales,Wales/PAS IN.xml,7a7288a3-5ade-46bc-921d-56baf0a6bf06,PAS IN,PASAPI - Patient Merge,password,${REDACTED_PASSWORD},11
Wales,Wales/PAS IN.xml,7a7288a3-5ade-46bc-921d-56baf0a6bf06,PAS IN,PASAPI - Secondary Patient,password,${REDACTED_PASSWORD},11
Wales,Wales/PAS IN.xml,7a7288a3-5ade-46bc-921d-56baf0a6bf06,PAS IN,AdmitSource,sample_message_inbound,(blanked),884
Wales,Wales/PAS IN.xml,7a7288a3-5ade-46bc-921d-56baf0a6bf06,PAS IN,GenerateSecondaryHospitalNumber,sample_message_inbound,(blanked),884
